Наименование,Производитель,Артикул,Количество,Цена,Партия,Срок поставки (дн.)
Фильтр масляный,TOYOTA,04152YZZA1,10,311.12,1,
Фильтр масляный,TOYOTA,04152YZZA5,10,229.00,1,
Колодки тормозные,TOYOTA,044650K090,3,3618.22,1,
Колодки тормозные дисковые к-т,TOYOTA,0446530050,1,1000.10,1,
Жидкость тормозная TOYOTA DOT4 0.5L,TOYOTA,0882380111,16,348.12,1,
Антифриз Toyota Super LLC -35C 5л розовый готовый,TOYOTA,0888980072,3,3568.75,1,
"Кольца ДВС TOYOTA 2CT, 3C, 3CT STD OIL-цельное",TOYOTA,1301164213,1,6940.74,1,
ПОРШЕНЬ СТД.,TOYOTA,131016205002,2,2875.23,1,
Прокладка впускного коллектора TOYOTA CHASER CRESTA CROWN CROWN MAJESTA DYNA TOYOACE G15 TOYOACE FOR,TOYOTA,1717754021,1,355.55,1,
"Прокладка турбокомпрессора TOYOTA HIACE,HILUX 90-",TOYOTA,1727854021,2,815.65,1,
"Фильтр воздушный Toyota Land Cruiser Prado (J15) 09-   Land Cruiser (J12, J15) 04- (MA3844)",TOYOTA,1780130040,8,487.00,1,
Фильтр воздушный Lexus GS IS II Toyota Mark X I (GRX12),TOYOTA,1780131110,9,628.00,1,
Фильтр воздушный TOYOTA LAND CRUISER 100 LEXUS LX470 2UZFE 98-07,TOYOTA,1780150040,11,628.00,1,
Крышка блока клапанов,TOYOTA,3447230010,1,2294.82,1,
Втулка 4551735010 TOYOTA,TOYOTA,4551735010,1,1132.43,1,
Сайлентблок рычага TOYOTA 4RUNNER HILUX 95-02 пер.подв.,TOYOTA,4806135011,2,2398.41,1,
"Рессора задняя правая SPRING ASSY, REAR RH Тойота 48210-3D111",TOYOTA,482103D111,1,15212.35,1,
Сайлентблок верхнего рычага TOYOTA DYNA TOYOACE HILUX GRANVIA GRAND REGIUS TOURING HIACE 2WD 88-,TOYOTA,4863526010,2,998.31,1,
САЙЛЕНТБЛОК ПЕРЕДНЕГО РЫЧАГА РЕЗМЕТ,TOYOTA,4866732020,1,376.20,1,
Втулка FR стабилизатора TOYOTA MARK2 TOU 92- RR,TOYOTA,4881522140,2,1257.30,1,
Стойка стабилизатора,TOYOTA,4883030020,1,1350.52,1,
Заглушка правая передняя,TOYOTA,5177360050,1,1148.00,1,
ВТУЛКА ЗАДН БАЛКИ,TOYOTA,5227532050,2,1728.54,1,
Уплотнитель RAV 4,TOYOTA,5254142040,1,186.65,1,
Реш тка вентиляции салона,TOYOTA,629400K114,1,2563.32,1,
"Зажим TOYOTA, 68211-32040",TOYOTA,6821132040,5,158.45,1,
клипса,TOYOTA,6821160030,7,339.57,1,
ДАТЧИК СКОРОСТИ,TOYOTA,8318135080,1,2500.25,1,
Моторчик рычага стеклоочистителя,TOYOTA,8511032310,1,23365.45,1,
ПОВОДОК СТЕКЛООЧИСТИТЕЛЯ,TOYOTA,8524135040,1,2981.88,1,
Фильтр салонный Toyota Land Cruiser (J12) 02-  Yaris I 99-  Subaru Legacy III 03-   Outback II 04-,TOYOTA,871394701083,7,288.23,1,
КОРПУС ЗЕРКАЛА ПРАВ.,TOYOTA,8791505901,1,750.55,1,
Масло моторное синт. 5W-30 (1л) пластик,TOYOTA,888080846,1,652.94,1,
Уплотнитель крышки противотуманной фары,TOYOTA,9007565010,1,301.62,1,
Сальник задней ступицы Toyota,TOYOTA,9031152005,1,459.67,1,
САЙЛЕНТБЛОК ВЕРХ.,TOYOTA,9038519004,6,369.27,1,
Сайлентблок заднего амортизатора TOYOTA MARK2 93- GX90 JZX9 LX90 SX90,TOYOTA,9038914044,1,1772.10,1,
Прокладка пробки поддона двигателя,TOYOTA,9043012031,183,38.50,1,
Прокладка свечных колодцев TOYOTA,TOYOTA,9048030025,1,214.02,1,
"Сухарь клапана  5,5 mm   1 НАСЕЧКИ Tovota 1ZZ,2ZZ,3ZZ",TOYOTA,9091303028,2,80.35,1,
Фильтр масл (1KD-FTV),TOYOTA,90915300028T,4,594.12,1,
"Втулка заднего амортизатора, верхняя",TOYOTA,9094801077,2,342.00,1,
"Предохранитель MINI 7,5A TOYOTA 9098209008",TOYOTA,9098209008,2,21.78,1,
РЕМЕНЬ ПРИВОДНОЙ,TOYOTA,993321086583,2,540.41,1,
Промывка систем впрыска бензиновых двигателей с раскоксовочным эффектом ML101 1000мл Lavr LN2001,LAVR,LN2001,4,418.28,1,
Пыльник рулевой рейки,1-56 (MARUICHI),05481,1,475.20,1,
Пыльник рулевой системы Maruichi,1-56 (MARUICHI),26481,1,436.40,1,
Шаровая опора нижн SUBARU JUSTY,555,SB6632,2,599.94,1,
наконечник рулевой тяги 555,555,SE2955,1,928.62,1,
Наконечник рулевой левправ Hyundai ExcelS-Coupe 1.31.5 90,555,SE8021,1,386.39,1,
стойка стабилизатора 555,555,SL2885,1,409.86,1,
Тяга рулевая_ без г у_Toyota Corolla 92-95,555,SR2961,1,637.56,1,
тяга рулевая 555,555,SR3940,2,825.66,1,
тяга рулевая 555,555,SR7840,1,783.09,1,
Натяжной ролик поликл. ремень Citroen C5 XsaraPeugeot 307 406 407 607 807,ABA,25405160,1,338.00,1,
"AdBlue Восстановитель Оксидов Азота AUS 32 канистра 20л,",ADBLUE,AUS3220,10,577.20,1,
Гидрокомпенсатор,AE,FOL147,1,428.94,1,
Ремень приводной,AE,MVB1050R4,1,285.85,1,
Предохранители  цилиндрические  в блистере (10 шт. 5-25А),AIRLINE,AFUV01,1,26.73,1,
Колодки тормозные пер. DAEWOO Nexia OPEL Kadett.Omega A.Vectra A,ALLIED NIPPON,ADB0161,1,240.17,1,
Фильтр салона Kia Cee D 06-,AMC FILTER,KC6108,1,194.24,1,
Цилиндр торм,AP AUTOMOTIVE PROD.,4547,1,1080.00,1,
Наконечник рулевой тяги,AS METAL,17IV39,1,833.76,1,
КОЛОДКИ ТОРМОЗНЫЕ ДИСКОВЫЕ ПЕРЕДНИЕ ASUKI AF-1215M NISSAN SUNNY N14,ASUKI,AF1215,1,1124.21,1,
ПОДШИПНИК СТУПИЧНЫЙ ПЕРЕДНИЙ 38X74X50,ASVA,DAC38740050,1,862.21,1,
Сайлентблок,ASVA,MAB012,2,193.05,1,
Сайлентблок,ASVA,MAB030,1,170.00,1,
Сайлентблок заднего продольного рычага MAZDA 6 GG 2002-2007,ASVA,MZAB036,1,687.12,1,
Сайленблок,ASVA,TAB021,1,121.77,1,
Деталь,ASVA,TAB021RUB,1,185.13,1,
"Сайлентблок косого рычага, задний",ASVA,TAB090,2,307.23,1,
САЙЛЕНТБЛОК НИЖНЕГО РЫЧАГА ПЕРЕДНЕЙ ПОДВЕСКИ,ASVA,TAB116,1,187.42,1,
Сайлентблок,ASVA,TABOR,2,249.48,1,
ТЯГА СТАБИЛИЗАТОРА ЗАДНЯЯ,ASVA,TSL830,1,208.89,1,
Втулка,AUGER,1078,5,95.22,1,
52773_РМК колодки тормозной,AUGER,52773,1,975.71,1,
Фиксатор пружинного кольца гайки оси BPW ECO 6-9t,AUGER,60374,3,52.47,1,
Шпилька,AUGER,65153,4,179.12,1,
Датчик вращения коленвала,DELLO,013062380333A,1,958.21,1,
Гидрокомпенсатор,DELLO,130043810,3,188.33,1,
Наконечник рулевой,DELLO,30101070013,1,230.38,1,
Рулевой наконечник,DELLO,30101070015,1,230.38,1,
"Муфта вентилятора (вискомуфта), A6 (C5) 1997-2004 Седан 6 ст. мех.",DELLO,301210350058,1,2152.24,1,
Наконечник рулевой тяги левый правый,DELLO,304190812811A,1,235.35,1,
Щетка стеклоочистителя гибридная 710MM,AWM,H28R,1,348.21,1,
Цилиндр тормозной,ABS,2748,2,350.55,1,
Цилиндр тормозной,ABS,2805,2,1184.21,1,
Цилиндр тормозной,ABS,2843,2,350.55,1,
Датчик ABS ABS   C-Max Grand C-Max S-Max Galaxy Mondeo Transit Focus Kuga C30 C70 V50 S40 (02-,ABS,30131,1,627.90,1,
колодки тормозные дисковые,ABS,36131,1,1866.62,1,
Колодки тормозные дисковые,ABS,36140,2,926.21,1,
комплект колодок для дисковых тормозов,ABS,36495,2,1684.25,1,
Колодки тормозные,ABS,36507,2,2776.62,1,
комплект колодок для дисковых тормозов,ABS,36508,2,1792.25,1,
"Колодки диск. 80, 90, Coupe 81-88 855 698 151 855 698 151 B ABS 36532",ABS,36532,2,1767.31,1,
Тормозные колодки,ABS,36575,2,2095.25,1,
комплект колодок для дисковых тормозов,ABS,36609,2,965.23,1,
Комплект тормозных колодок,ABS,36659,1,2144.44,1,
Тормозные колодки Nexia Cielo Aranos LeMans (94-08),ABS,36667,3,710.24,1,
Комплект тормозных колодок,ABS,36685,1,535.25,1,
Колодки тормозные дисковые,ABS,36694,3,379.95,1,
Колодки торм,ABS,36698,2,2325.25,1,
Колодки тормозные дисковые,ABS,36752,1,1089.27,1,
комплект колодок для дисковых тормозов,ABS,36847,2,2150.24,1,
Комплект тормозных колодок,ABS,36953,2,2145.45,1,
Комплект тормозных колодок,ABS,36983,2,841.41,1,
комплект колодок для дисковых тормозов,ABS,37077,2,675.74,1,
комплект колодок для дисковых тормозов,ABS,37101,2,675.74,1,
тормоз колодки пер vw transporter 99- gt 04 (15 quot  вентил.диски),ABS,37144,2,1010.10,1,
Колодки тормозные дисковые,ABS,37164,2,1417.71,1,
Колодки тормозные дисковые,ABS,37180,2,965.65,1,
Колодки тормозные дисковые,ABS,37269,1,2368.28,1,
Цилиндр тормозной,ABS,52614X,2,1412.12,1,
Тормозной цилиндр FORD TRANSIT (OE PER 2 STUK),ABS,62847X,2,749.27,1,
Цилиндр тормозной,ABS,72817X,1,1412.12,1,
Барабанные колодки,ABS,8594,1,695.25,1,
Тормозные колодки барабанные,ABS,8794,1,841.41,1,
Колодки тормозные MB 190...300 83-,ABS,8806,1,648.21,1,
Барабанные колодки,ABS,8826,2,841.41,1,
Колодки тормозные барабанные,ABS,8913,1,950.74,1,
Барабанные колодки,ABS,8940,2,1560.25,1,
Комплект тормозных колодок,ABS,8985,2,1000.10,1,
диск сцепл.nissan almera n16terrano i 2.0-3.2d 78-11,AISIN,DN039,1,2520.24,1,
12011700 КОЛПАЧКИ МАСЛОС ЕМНЫЕ,AJUSA,12011700,3,27.61,1,
12012000 Сальники клапанов,AJUSA,12012000,2,49.50,1,
"Прокладка коллектора Audi 80, VW Golf Passat T2 1.",AJUSA,13008900,1,130.21,1,
Прокладка коллектора ДВС,AJUSA,13018800,1,128.21,1,
Прокладка впускного коллектора,AJUSA,13110200,1,381.64,1,
ТЯГА РУЛЕВАЯ,AKITAKA,0522DY,1,533.41,1,
ЩЕТКА СТЕКЛООЧИСТИТЕЛЯ КАРКАСНАЯ 330 ММ. СПЕЦИАЛЬНАЯ ALCA 103000,ALCA,103000,2,115.15,1,
Щетка с.о (специальная) 35см.14,ALCA,104000,1,115.15,1,
"Щетка Стеклоочистителя 2121-21213 380 Мм, 15",ALCA,105000,2,115.15,1,
ФИЛЬТР МАСЛ Mitsubishi Pajero III Pajero IV 3200 1 1999 -,ALCO,SP1133,1,570.24,1,
ПЫЛЬНИК ШРУС НАРУЖНЫЙ КОМПЛЕКТ,AMIWA,0424616,2,552.28,1,
ШПИЛЬКА КОЛ СНАЯ,AMIWA,1052254,2,150.00,1,
РЕМКОМПЛЕКТ СУППОРТА ТОРМОЗНОГО ПЕРЕДНЕГО,AMIWA,1436052,1,460.17,1,
Колодки тормозные,AMIWA,WD13477S,1,501.01,1,
Петля капота левая,API,357823301,1,308.08,1,
"Шарнир, капот",API,357823302,1,308.08,1,
Фиксатор подшипника генератора,AS,ARS4014,3,50.79,1,
крышка бачка расширительного,ASHIKA,330WW01,1,112.30,1,
Ремонтный комплект суппорта,ATE,11044148082,1,442.32,1,
"Диск торм. HONDA ACCORD IV,V",ATE,24012301031,2,1907.07,1,
Прокладка приемной трубы,ATIHO,100901,1,40.22,1,
"Брызговики задние подходят для CADILLAC Escalade,",AUTOFAMILY,REIN0709E13,1,450.00,1,
AVA AI5118_ NS94206 GR922955 VL816893  8A0260403AB   радиатор конд Audi 80 A6 1.9TD TDi 92-97,AVA,AI5118,1,4190.19,1,
радиатор  630x397,AVA,AIA2109,1,2800.12,1,
Рычаг тормоза регулировочный MERCEDES автоматический AYDINSAN,AYDINSAN,800045,1,3268.54,1,
Рычаг тормоза регулировочный MERCEDES автоматический AYDINSAN,AYDINSAN,AYS800045,1,3268.54,1,
"пластиковый вал суппорта sb67 sn67 sk7 slsm7, bck270",BAT-PARTS,BCK270,5,70.00,1,
Шайба,BMW,07129925714,10,75.25,1,
ТАРЕЛКА ПРУЖИНЫ ВХ,BMW,11341706626,12,513.24,1,
Фильтр масляный BMW E90 F10 F11 F01 F02 E71  10-,BMW,11427808443,1,438.00,1,
ПРОКЛАДКА,BMW,11611734436,2,104.21,1,
Кольцо круглого сечения,BMW,11718589999,1,341.81,1,
СВЕЧА ЗАЖИГАНИЯ HIGH POWER,BMW,12122158165,1,676.40,1,
крышка,BMW,12528616569,2,998.75,1,
Фильтр воздушный BMW E65 730-760,BMW,13717526008,10,937.12,1,
"Сменный элемент фильтра E88 E90 BMW  1 04-12, 3 05-11, 3 Touring 05 -, 3 кабрио 06 -, 3 купе 06-",BMW,13717542294,2,548.12,1,
уплотнительная прокладка,BMW,18308572007,1,716.47,1,
Рычаг нижн перед правый BMW E38 all 94-01,BMW,31121142088,2,4300.21,1,
трубопровод,BMW,32416763559,1,2500.25,1,
САЛЬНИК СО СТОПОРНЫМ КОЛЬЦОМ,BMW,33107564416,2,2070.00,1,
Рычаг независимой подвески,BMW,33321094209,4,4300.21,1,
Рычаг независимой подвески,BMW,33321094210,3,4300.21,1,
Рычаг подвески,BMW,33321097264,3,4300.21,1,
ПЕТЛЯ КАПОТА,BMW,41617130867,1,1102.22,1,
Защитная планка двери,BMW,51131871695,1,1000.25,1,
ДЕКОРАТИВНАЯ ПЛАНКА,BMW,51221864917,1,1000.25,1,
Трос Капота,BMW,51237008763,1,950.74,1,
Газонаполненный амортизатор,BMW,51237210727,2,1641.50,1,
Кронштейн капота,BMW,51238172164,1,910.17,1,
"Клипса пластмассовая крепления подкрылка BMW  1 E81 82 87 88 F20, 3 E36 46 90 F30, 5 E39 60, 7 E38 6",BMW,51481915964,1,15.15,1,
Мотор регулировки сиденья,BMW,52108251618,1,5525.29,1,
Втулка пласт крепления фары BMW,BMW,63121369833,1,200.11,1,
УКАЗАТЕЛЬ ПОВОРОТА,BMW,63137165854,2,1720.24,1,
Кронштейн,BMW,63178359273,1,500.22,1,
"Фильтр воздушный салона MINI Clubman (R55),Countryman (R60) угольный OE",BMW,64319127516,5,796.23,1,
Кольцо ступицы пылезащитное 120x160x8   DC  ECOPlus H K SH SKH H..LL S,BPW,0312048150,1,428.23,1,
Кольцо стопорное BPW (ECO Plus) ступицы 62х1.8 OE,BPW,0318804100,1,65.22,1,
Клин стопорный,BPW,0327700070,1,120.25,1,
"Болт колеса BPW М22x1,5x89 54 10.9 (с гайкой и шайбой)",BPW,0980633570,4,388.23,1,
Распределитель зажигания Контактная группа,BREMI,1576,1,423.24,1,
br-9323_бегунок  delco remy opel asconac 1.61.6i 86-88,BREMI,9323,1,363.69,1,
Бегунок распределителя зажигания,BREMI,9571,1,87.23,1,
Фара противотуманная левая CHEVROLET Orlando 2014-,BRIGHTROAD,JH01ORD14003L,1,2500.00,1,
Свеча зажигания Super R (интервал замены - max. 30 000 km),BRISK,FR14YC,1,112.06,1,
Стекло зеркала - лев. (малое),BSG,BSG30910008,1,321.11,1,
"Болт (M14x1,5x59mm) крепления колеса   M.B Sprinter 95 06",BSG,BSG60230001,1,77.55,1,
Датчик давления масла,BSG,BSG70840003,1,218.95,1,
Фильтр топливный  D94 H180 вторичный (тонкой очистки) DD60ser FRL Peterbil,BALDWIN,BF5810,1,655.24,1,
ФИЛЬТР ВОЗДУШНЫЙ,BALDWIN,PA1675,1,1647.56,1,
Бегунок Opel Omega A Senator B (2.6 3.0) BMW 3 E30 (M20) 5 E28 (M30),BERU,EVL087,1,438.57,1,
Комплект пыльников,BETTER BRAKE PARTS,16113K,1,492.45,1,
Аналог,BGA,BU6303,1,270.27,1,
Фильтр воздушный,BIG FILTER,GB9779,2,146.62,1,
ФИЛЬТР АКПП MIT COLT 1.3 1.6 92-04 GALANT 2.0 2.4,BLUE PRINT,ADC42116,1,193.60,1,
Паразитный   Ведущий ролик. зубчатый ремень,BLUE PRINT,ADM57620,1,918.54,1,
Устройство для натяжения ремня ремень ГРМ,BLUE PRINT,ADN17603,1,1061.28,1,
Фильтр масляный TOYOTA 1.4-3.4 82-,BLUE PRINT,ADT32114S,1,169.23,1,
ДИСК ТОРМ TOY AURIS 1.4VVTI 1.6VVTI 07- ЗАДН,BLUE PRINT,ADT343262,1,982.08,1,
Ролик зубчатого ремня ГРМ натяжной,BLUE PRINT,ADT37602,1,567.23,1,
Ролик натяжной ремня ГРМ TOYOTA  CRESSIDA Station Wagon (_X6_) CRESSIDA Stufenheck (_X6_) DYNA Bus,BLUE PRINT,ADT37610,1,987.23,1,
"Подшипник ступичный ISUZU  D-MAX 2.5 D, 3.0 DiTD 0",BLUE PRINT,ADZ98202,1,2320.24,1,
Прокладка FORD ESCORT 94-01,BOSAL,256066,4,95.04,1,
Бегунок GM Kadeett 1.3 трамблер BOSCH,BOSCH,1234332861,2,267.23,1,
Крышки трамблера_,BOSCH,1235522437,1,2048.21,1,
КРЫШКА РАСПРЕДЕЛИТЕЛЯ ЗАЖИГАНИЯ,BOSCH,1235522803,1,487.23,1,
Крышка трамблера,BOSCH,1235522812,1,227.70,1,
Фильтр масляный O411 (113) SB,BOSCH,1457429112,2,107.12,1,
предохранитель,BOSCH,1904520016,1,4.39,1,
предохранитель (4a),BOSCH,1904529902,2,5.93,1,
"Крышка распределителя зажигания HYUNDAI  ELANTRA I 1.5 i.e. 90-95, EXCEL седан 1.3 1.5 1.5 i 90-95,",BOSCH,1987233012,1,180.64,1,
"Лампа C5W 5W 24V SV8,5-8 (длина 35мм.), TRUCKLIGHT (цена за 1 шт., мин. кол-во 10 шт.)",BOSCH,1987302507,2,17.12,1,
предохранитель (20a),BOSCH,1987529018,1,40.90,1,
предохранитель (30a),BOSCH,1987529019,1,42.80,1,
предохранитель (50a),BOSCH,1987529021,1,42.12,1,
Ремень ручейковый,BOSCH,1987947036,1,624.45,1,
ремень приводной клиновой,BOSCH,1987947784,1,156.08,1,
Свеча зажигания CITROEN  C4 II 1.2THP 14-,BOSCH,242145535,1,370.00,1,
Cвеча накаливания   Toyota Carina 1.8 Corolla 1.8 Camry 2.0  92,BOSCH,250202051,2,344.23,1,
Ремень ГРМ,BOSCH,8828,1,953.58,1,
болт,BOSCH,F00N202192,1,40.59,1,
Прокладка форсунки 16 HDi 92 (DV6ATED4),BOSCH,F00VC17504,2,39.00,1,
Колодки тормозные задние барабанные,BRAMAX,MS4458,1,2956.34,1,
Барабан торм. Re TO L.Cruiser,BREMBO,14725410,1,4269.77,1,
кольцо кондиционера уплотнительное,CARGO,250803,10,10.89,1,
кольцо кондиционера уплотнительное,CARGO,252165,5,10.89,1,
БРЫЗГОВИК ЗАДНИЙ ПРАВЫЙ T11-3102132PQ,CHERY,T115205025,1,23.27,1,
фильтр топливный (2шт на ам),CHRYSLER,04726067AA,14,3029.40,1,
VW GOLF IV 97  РЕШ ТКА В БАМПЕР ПЕР.ПРАВ.,COSMOS,6121187,1,250.55,1,
Спойлер кабины DAF правый,COVIND,XF2164,1,2611.33,1,
Сайлентблок переднего рычага LR,CAR-DEX,CBD009,1,45.25,1,
Сайлентблок задней цапфы 511811d000,CAR-DEX,CBH403,1,132.31,1,
Стойка стабилизатора HYUNDAI SANTA FE (2006-) переднего левая,CAR-DEX,CLH029,1,337.00,1,
тяга стабилизатора hyundai sanata fe 06-kia sorento 09- пер.подв.прав.,CAR-DEX,CLH030,1,337.00,1,
втулка стабилизатора hyundai h-1starex пер.,CAR-DEX,CRH079,1,43.22,1,
Гидрофильтр,CATERPILLAR,1261818,1,3561.24,1,
Гибридная щетка стеклоочистителя 430мм.17,CHAMPION,EU43,1,155.05,1,
Фильтр гидравлический,CIMTEK,70135,1,510.10,1,
"Фильтр масляный Neon Voyager (OC74) Chrysler Grand Voyager I II III, GTs Gs, Le Baron, Neon, PT Crui",CLEAN FILTERS,D0247,1,98.23,1,
Фильтр топливный ALFA ROMEO  AR 8 c бортовой платф,CLEAN FILTERS,DN220,3,213.84,1,
"Фильтр топливный NISSAN  BLUEBIRD 80-83, CHERRY 82-86, LAUREL 81-85, PATROL Hardtop 79-88, PATROL Ha",CLEAN FILTERS,DN811,2,211.45,1,
Деталь,CLEAN FILTERS,MB952,1,39.60,1,
Фильтр топливный Mercedes 190 E-Class (W124),CLEAN FILTERS,MB963,1,298.75,1,
Лампа,CLEARLIGHT,MLH11LL,1,62.73,1,
Трос стояночного тормоза лев задн OPEL VECTRA 1.4-1.6-1.8-1.7D ch.K105,COFLE,115921,1,185.25,1,
Пневморессора AIRMAX 644N (баллон),CONTITECH,644N,1,3068.52,1,
Ремень поликлиновой,CONTITECH,8PK1376,1,848.41,1,
Ремень ручейковый CONTITECH,CONTITECH,8PK1635,1,980.81,1,
Ремень клиновой BMW   Ford   MB   Opel   Peugeot   Renault   Toyota,CONTITECH,AVX10X1000,1,180.27,1,
Ремень клиновой Renault Safrane,CONTITECH,AVX10X1250,1,230.38,1,
Ремень клиновой Ford   Peugeot   Renault,CONTITECH,AVX10X1300,1,282.84,1,
Ремень клиновой FORD,CONTITECH,AVX10X1325,1,237.37,1,
Ремень клиновой SAAB,CONTITECH,AVX10X1525,2,325.25,1,
Ремень клиновой Hyundai H100   Toyota Land Cruiser   Volvo 260 760,CONTITECH,AVX13X1400,1,370.12,1,
ремень клиновый 13x1850,CONTITECH,AVX13X1850,2,461.43,1,
Ремень клиновой 13x1925 Contitech,CONTITECH,AVX13X1925,2,514.13,1,
Ремень клиновой Audi   BMW   Mitsubishi   Nissan   VW,CONTITECH,AVX13X800,2,194.59,1,
Ремень ГРМ,CONTITECH,CT847,1,660.22,1,
"Сальник коленвала 55x72x76x9.5x13 NBR B1BAOFSFX7 DAF  F 2800 FAT 2805 DKTD,FAT 2825 DKTD 73-91  SCA",CORTECO,12016536B,3,529.23,1,
сальник,CORTECO,19026317B,5,400.00,1,
Опора шаровая,CTR,CBH019,2,299.23,1,
Опора шаровая Honda Odyssey 99,CTR,CBH031,2,118.24,1,
Опора шаровая нижн MAZDA  E2000 E2200 97-03,CTR,CBMZ14,4,759.33,1,
"Опора шаровая HYUNDAI Nubira (19971999), Nubira II (19992002), MAZDA Familia (1985) переднего рычага",CTR,CBMZ8,1,502.92,1,
Наконечник рулевой тяги MAZDA  TRIBUTE 01-  FORD  ESCAPE 01-04,CTR,CEMZ40,2,668.25,1,
Деталь,CTR,CLH017,1,247.50,1,
Стойка стабилизатора 51320SP0003 LEGEND 91-,CTR,CLH03,1,265.23,1,
"Тяга стабилизатора TOYOTA  CAMRY 91-96, CARINA ED 85-98, CARINA FF 85-92, CELICA 85-99, COROLLA 06.9",CTR,CLT1,1,496.98,1,
Тяга рулевая Honda Accord Aerodeck CC CE CF 93-98,CTR,CRH013,2,529.23,1,
Тяга рулевая Mitsubishi L300 Delica,CTR,CRM17,1,606.87,1,
"Тяга рулевая NISSAN  PRIMERA 90-96, MAXIMA 88-94, PRAIRE 83-88, AXXESS 90-95  INFINITI  G20 91-96",CTR,CRN6,1,670.23,1,
crt20 тяга рулевая,CTR,CRT20,2,680.09,1,
Тяга рулевая,CTR,CRT68,1,653.40,1,
Колцо уплотнительное DAEWOO,DAEWOO,25169195,4,26.00,1,
ФИЛЬТР ГИДРАВЛИЧЕСКИЙ (КАРТРИДЖ) ОТ ПРОИЗВОДИТЕЛЯ DIGOEMA,DIGOEMA FILTER,DGMH314,1,3050.55,1,
Гофра глушителя разрезная DIN94210 (10mm),DINEX,94210,1,1500.00,1,
Ремень поликлиновой FIAT  OPEL  SUZUKI  VAUXHALL,DONGIL,6PK1318,1,410.00,1,
крышка форсунки омывателя фары правой,DPA,89550864902,1,128.23,1,
диск тормозной,DYNAMATRIX-KOREA,DBD1594,6,1800.00,2,
сайлентблок подвески,DYNAMATRIX-KOREA,DS130174,4,456.61,1,
Ремень ГРМ,DAYCO,153SP254,1,542.41,1,
колодки пер  p11  n16e (с абс),DELPHI,LP1435,1,1145.27,1,
элемент подвески,DELPHI,TC924,1,402.12,1,
Бендикс на тонкий стартер 80 мм 85--,DELTA AUTOTECHNIK,11544,1,978.23,1,
"Тяга стабилизатора передней подвески левая, правая   TOYOTA Camry 01 , LEXUS RX 03",DELTA AUTOTECHNIK,1T1822,1,288.32,1,
Свеча зажигания PK20TR11,DENSO,3289,10,1164.24,1,
Свеча зажигания 3397,DENSO,K16PU11,1,128.45,1,
Свеча зажигания,DENSO,Q20TT,3,132.17,1,
Свеча зажигания MOTO,DENSO,X24EPRU9,4,144.50,1,
Фара левая,DEPO,3331142LUS,1,5700.14,1,
Фара противотуманная,DEPO,4412003,1,752.25,1,
Фонарь указателя поворота лев VOLVO  S40 98-,DEPO,7731512LUE,1,870.12,1,
Рычаг тормозной (трещотка) (мех.) универсальный ( 38 мм шлицы-10) Scan,DIESEL TECHNIC,118109,3,1918.23,1,
Ремень ручейковый,DIESEL TECHNIC,121183,1,1025.26,1,
Фильтр топливный,DIESEL TECHNIC,212237,1,621.28,1,
Поликлиновой ремень,DIESEL TECHNIC,215417,1,625.28,1,
Ролик ГРМ,DIESEL TECHNIC,334084,1,1248.41,1,
Ремень поликлиновой 8PK1920,DIESEL TECHNIC,334215,1,961.62,1,
"Сервомеханизм рычажного привода автоматический (Haldex 79208C) MAN F8,F90,L M F2000,TGA,Bus SG",DIESEL TECHNIC,362403,1,4468.23,1,
"Шпилька MB M18x1,5x75(83)",DIESEL TECHNIC,440227,2,83.23,1,
Шпилька колеса,DIESEL TECHNIC,440237,4,177.23,1,
"фильтрующий элемент масла     МАЗ,КАМАЗ дв. ЯМЗ-236М2 238Д М2 8421 751",DIFA,5302M,3,163.13,1,
Диск тормозной,DIRECT PARTS,DP104A056,2,1985.12,1,
картридж фильтра гидравлического,DONALDSON,P164166,1,3280.41,1,
Фильтр топливный Ватный D84,DONALDSON,P550061,1,455.55,1,
Деталь,DONALDSON,P550762,1,815.65,1,
Фильтр топливный вставка,DONALDSON,P550863,2,1128.28,1,
ФИЛЬТР ВОЗДУШНЫЙ IVECO DAILY,DONALDSON,P772580,1,1181.12,1,
Защита пердних фар прозрачная,EGR,EGR3932,1,1070.19,1,
Ремкомплект камаз ступицы задней (8 наименований),ELEMENT,53205310500010,1,897.60,1,
Коврик в багажник CITROEN Berlingo First CV 2005-,ELEMENT,NLC1012B15,1,326.81,1,
Наконечник рулевой тяги правый M30x1.5  M24x1.5  L 120 mm,EMMERRE SRL,954012,1,972.26,1,
Деталь,EPS,1860265,1,681.21,1,
датчик холла,EPS,1906219,1,2207.70,1,
"гайка с нейлоновой вставкой M18х2,5 K50 DIN 985 8",EUROPART,6604018000,2,40.03,1,
Сальник ступицы mb передней (86x105x5 6),EUROPART,9469978947,2,178.12,1,
Элемент фильтрующий КАМАЗ воздушный ЕВРО-2 (188673-1109560) ЭКОФИЛ,EKOFIL,EKO0182,1,1164.26,1,
Эл-т масл. фильтра МАЗ дв.240 EKO-02.52 (ан. ЛААЗ 2401017040A3),EKOFIL,EKO0252,1,120.65,1,
"Элемент фильтрующий Т-150,40,130 ДТ-75 топливный 2 отверстия ЭКОФИЛ",EKOFIL,EKO307,5,75.21,1,
прокладка выпускного коллектора bmw e36 (2.0 2.5 2.8) e46 (2.0 2.8) e3,ELRING,147581,2,498.96,1,
ПРОКЛАДКА ВОДЯНОГО НАСОСА AUDI SEAT VW 1.3-1.8 1.6,ELRING,164111,1,215.22,1,
Сальник 34.9x54x11.3 ASW FPM RW Citroen. Fiat. Peugeot Boxer 2.5TD - 2.8TD 94,ELRING,381710,1,748.24,1,
Прокладка коллектора Audi A6. VW Passat 2.4 2.8 97  In (2),ELRING,413900,1,943.24,1,
Прокладка клапанной крышки BMW E36 2.0-2.8 24V 95,ELRING,425390,2,177.21,1,
"ПРОКЛАДКА КК VAG 0.9L,1.0L,1.1L,1.3L 77-83",ELRING,517615,1,119.00,1,
"ПРОКЛАДКА ПРИ МНОЙ ТРУБЫ VW Passat 1,8 20V 95-",ELRING,692778,1,265.82,1,
"прокладка, труба выхлопного газа",ELRING,761745,1,280.39,1,
Прокладка выхлопной трубы BMW E30 (2.0 2.3 2.5 2.7) E28 (2.0 2.7 3.2 3,ELRING,762335,1,247.66,1,
Прокладка приемной трубы глушителя,ELRING,777196,1,175.25,1,
прокладка крышки клапанной,ELRING,891312,1,634.63,1,
Прокладка,ELRING,915395,1,761.61,1,
Масло вилочное Eni Agip Fork 10w,ENI,8003699009653,1,361.12,1,
Рем.комплекты РТЦ суппорта ERT,ERT,410031,2,212.11,1,
Пружина крепления глушителя пружина FORD,FA1,135903,1,75.02,1,
"РЫЧАГ ПОДВЕСКИ передний левый Mitsubishi ASX 10-, Lancer (CX,CY) 07-, Outlander 06-12, 12- Citroen",FENOX,CA11450,1,2183.73,1,
Фильтр гидравлический,FILTREC,D650G10A,1,472.56,1,
ПЫЛЬНИК ОПОРЫ ШАРОВОЙ ПЕРЕДНЕГО ВЕРХНЕГО РЫЧАГА,FLO AUTO MECHANICS,BD301,1,176.72,1,
ОПОРА ШАРОВАЯ ПЕРЕДНЕГО НИЖНЕГО РЫЧАГА,FLO AUTO MECHANICS,BJ098,1,592.52,1,
ТРОС ГАЗА,FORD,1013308,1,2500.25,1,
Поводок стеклоочистителя передний,FORD,1027170,1,1000.25,1,
Прокладкa,FORD,1152020,1,950.52,1,
Замок,FORD,1346216,1,650.55,1,
Крестовина карданного вала   FORD Ranger 06,FORD,1422934,1,2098.14,1,
Фильтр масляный картридж Transit 2.0.2.2.2.4 Duratorg 06,FORD,1717510,3,500.00,1,
ШЕСТИГРАННАЯ ГАЙКА,FORD,3757886,1,480.81,1,
Пружина задних колодок,FORD,3780926,2,1093.31,1,
Опора двигателя,FORD,3951071,2,2596.62,1,
ГАЙКА,FORD,4348652,4,250.54,1,
ЗАЩЕЛКА ДВЕРИ,FORD,4426982,1,3102.23,1,
Шпилька колесная передняя,FORD,4432023,4,264.41,1,
ГАЙКА ПОДШИПНИКА СТУПИЦЫ,FORD,4432081,1,592.23,1,
Прокладка регулировочная Ranger,FORD,4442406,6,48.95,1,
Амортизатор подвески Ranger 1998-2006 Пикап КПП 4х4 (мех.),FORD,4511889,1,2548.45,1,
ТРУБА ГЛУШИТЕЛЯ ПРИЕМНАЯ,FORD,5L8Z5E256AB,1,23558.45,1,
КОЛЛЕКТОР ВЫПУСКНОЙ,FORD,5L8Z5G232CC,1,28350.25,1,
ВЫП. КОЛЛЕКТОР,FORD,6148751,1,3500.55,1,
Опора двигателя,FORD,7240358,1,2150.55,1,
САЙЛЕНТБЛОК,FORD,7328510,4,969.64,1,
Зеркало боковое,FORD,94AB17682FC,1,1004.69,1,
Механизм закрывания двери,FORD,F4TZ15219A64,1,1542.24,1,
Сальник,FORD,F81Z7B215AA,1,1523.45,1,
ЗАМОК ВОДИТЕЛЬСКОЙ ДВЕРИ,FORD,F8SZ6321813AA,1,1000.10,1,
Гайка,FORD,N807659S441,3,121.21,1,
Стартер,FORD,YS4U11000DC,1,5500.74,1,
Контакт Прерывателя BOSCH (правый) 1237013147,FACET,12549,2,155.23,1,
"Крышка распределителя зажигания TOYOTA  CARINA II Station Wagon (_T17_) 1.6 (AT171) 87-92, CARINA Mk",FACET,2763032,1,1389.71,1,
"1.431.119 Бегунок Mazda 323 1.3,1.6 89-94 Mitsubishi Colt 1.3 88-92 Lancer 1.3,1.5 88-92",FACET,3833119,1,287.74,1,
1.860.064 Переключатель заднего хода Mazda 232 626 III 1.5-2.0 83-92,FACET,76064,1,1035.71,1,
Тяга рулевая mitsubishi outlander 03-06 лев прав. (без наконечника),FEBEST,0422CU20,1,420.75,1,
ПОЛУОСЬ ПРАВАЯ 27X422X26,FEBEST,1212IX35AT4WD,1,3638.00,1,
ОПОРА ПЕРЕДНЕГО АМОРТИЗАТОРА,FEBEST,HSSFIT,1,588.06,1,
САЙЛЕНБЛОК ПЕРЕДНЕГО ВЕРХНЕГО РЫЧАГА,FEBEST,HYABTER1,1,344.52,1,
САЙЛЕНБЛОК ЗАДНИЙ ПЕРЕДНЕГО РЫЧАГА,FEBEST,NAB048,1,233.12,1,
САЙЛЕНБЛОК ЗАДНЕЙ ЦАПФЫ,FEBEST,TAB021RUB,1,202.33,1,
САЙЛЕНБЛОК ПЕРЕДНЕЙ ПОДУШКИ ДВИГАТЕЛЯ AT,FEBEST,TMB104,1,558.36,1,
ПЫЛЬНИК АМОРТ TOY CAMRY ACV3 MCV3 01-06,FEBEST,TSHB12GOLD,1,320.76,1,
Втулка генератора,FEBI,01612,2,69.24,1,
Опора шаровая левая  без г у Audi 80 90 88-91,FEBI,03553,1,599.68,1,
Пыльник ШРУСа,FEBI,03595,1,426.80,1,
Шаровая опора,FEBI,03610,1,614.79,1,
Пыльник ШРУСа внутр к-т,FEBI,03635,1,590.27,1,
"4412F_крышка топливного бака  (пласт.)d 78 89mm Omn MB O305 307, LP T",FEBI,04412,1,239.12,1,
Пыльник ШРУСа,FEBI,04429,1,454.47,1,
4990F_ 1009101 IM30652  443399415A  с б подрамника перAudi V8 Quattro  94 100 200 V5 V4 АКПП  91,FEBI,04990,2,339.64,1,
РОЛИК BMW E36 E46 E34 E39 E38 M43 M50 M52 (генератор помпа),FEBI,06050,3,1044.70,1,
втулка стабилизатора,FEBI,07199,2,88.22,1,
"Шпилька колеса BPW GIGANT (M22х1.5х61, M22х2.0х48 L 113мм) (гайки FE01279, FE04029) в сборе FEBI",FEBI,07456,2,233.45,1,
опора шаровая,FEBI,07977,2,709.83,1,
8061F_к-кт пыльника ШРУСа задний мост  BMW E30 36 34 1.6i-4.0i 2.5TDs 83-99,FEBI,08061,1,724.19,1,
Датчик износа торм.колодок задн.BMW E36 Z3,FEBI,08233,2,171.45,1,
Пыльник ШРУСа,FEBI,08301,1,280.27,1,
Пыльник шруса VAG,FEBI,08800,1,635.35,1,
Сальник,FEBI,12619,1,245.45,1,
"Пыльник, рулевое управление",FEBI,14401,1,86.61,1,
Переключатель подрулевой,FEBI,17062,1,923.67,1,
Датчик давления масла VAG,FEBI,19018,1,350.55,1,
Подшипник задней ступицы,FEBI,19386,1,3500.22,1,
Выключатель стеклоподъемника,FEBI,21013,1,551.14,1,
"21768F_ремень ГРМ  Audi A2 A4 1.2 1.4 1.6 04 A6 2.7TDi 3.0TDi 04, VW Golf Bora Polo 1.4 1.6 98",FEBI,21768,1,396.28,1,
Насос стеклоомывателя,FEBI,23113,1,366.24,1,
Фильтр топливный MAN сепаратора квадратный (75х75х55мм для SEPAR2000 5 50 без подогрева) FEBI,FEBI,28067,1,676.33,1,
Шаровая опора,FEBI,28200,2,490.05,1,
КОМПЛЕКТ ЗАКЛ ПОК ДЛЯ,FEDERAL MOGUL,93060,1,25.25,1,
КОМПЛЕКТ ЗАКЛ ПОК ДЛЯ,FEDERAL MOGUL,93251,2,422.12,1,
комплект колодок дисковых,FERODO,FVR1405,1,1703.52,1,
"ФИЛЬТР ТОПЛИВНЫЙ, FP4779",FIAAM,FP4779,1,121.77,1,
ТОПЛИВНЫЙ ФИЛЬТР,FIAAM,FP5600HWS,2,497.88,1,
КОЛЬЦО СТОПОРНОЕ ПОДШИПНИКА,FIAT/ALFA/LANCIA,11062176,1,216.90,1,
гайка ступицы передней,FIAT/ALFA/LANCIA,1300347080,5,495.65,1,
Ролик натяжителя Ducato 06,FIAT/ALFA/LANCIA,504086751,1,4882.11,1,
Стекло зеркала,FIAT/ALFA/LANCIA,71748251,3,2844.29,1,
Кольцо уплотнительное топливного фильтра Ducato,FIAT/ALFA/LANCIA,77362342,9,339.57,1,
Фильтр воздушный BMW X3 (F25). X5 (E70). X6 (E71 E72) 2.0D 3.0D 08-,FILTRON,AK3626,1,1600.00,1,
Воздушный фильтр FILTRON,FILTRON,AP054,1,143.75,1,
Фильтр салона,FILTRON,K1125,1,466.28,1,
Фильтр салонный угольный FILTRON K 1336A-2X BMW X3 F25 X4 F26,FILTRON,K1336A2X,1,600.00,1,
фильтр масляный двс,FILTRON,OP542,3,274.76,1,
Фильтр топливный Audi Q3   VW CC 2.0TDi 10-   (7N0 127 177 C),FILTRON,PE97310,1,758.88,1,
Фильтр топливный,FILTRON,PE983,1,513.13,1,
Фильтр топливный,FILTRON,PP964,1,350.51,1,
Фильтр масляный,FINWHALE,L3943,2,710.31,1,
Фильтр топливный,FLEETGUARD,FS19811,1,938.38,1,
Фильтр гидравлики,FLEETGUARD,HF35320,7,5689.31,1,
Фильтр гидроусилителя,FLEETGUARD,HF6162,1,243.41,1,
"Фильтрующий элемент масляного фильтра (M H HU 951 x) MAN Eng.D0834,D0836,MB Eng.OM601,OM602 DE LA",FLEETGUARD,LF3769,26,623.32,1,
Фильтр масляный вставка,FLEETGUARD,LF3867,5,510.59,1,
Фильтр маслянный,FLEETGUARD,LF9018,2,2995.95,1,
"Сайлентблок рессоры FORD  TRANSIT 87-, 92-",FORMPART,1556100S,1,49.14,1,
Фильтр масляный,FRAM,CH10512ECO,1,623.70,1,
Ремень поликлиновидный,FRANCECAR,FCR6PK1700,1,650.24,1,
ремкомплект главного тормозного цил,FRENKIT,120020,1,157.34,1,
ремкомплект главного тормозного цилиндра,FRENKIT,122019,1,231.66,1,
ремкомплект суппорта,FRENKIT,236039,2,623.70,1,
ремкомплект суппорта,FRENKIT,238008,2,151.47,1,
ремкомплект цилиндров дисковых тормозов,FRENKIT,240001,1,300.96,1,
ремкомплект тормозного цилиндра,FRENKIT,320008,1,144.54,1,
ремкомплект главного цилиндра сцепления,FRENKIT,419026,4,184.98,1,
ремкомплект рабочего цилиндра сцепления,FRENKIT,523005,1,113.33,1,
направляющая суппорта,FRENKIT,G106903,1,487.99,1,
"Шланг гибкий передних тормозов, 3163-00-3506150-002",GAZ,316300350615002,1,990.90,1,
"Втулка ГАЗ-2217,3302 подушки стабилизатора заднего (ОАО ГАЗ)",GAZ,33022916080,2,68.78,1,
Подшипник ступичный,GEELY,1034001507,1,235.35,1,
Генератор,GENERAL MOTORS,13577154,1,17521.21,1,
GM сайлентблок задней балки   Opel Meriva A 1 4 16v 1 6 16v 05,GENERAL MOTORS,5402638,1,2454.21,1,
уплотнительное кольцо рабочего цилиндра сцепления,GENERAL MOTORS,90092679,5,293.79,1,
Бегунок распределителя зажигания Lucas Opel AstraF Kadett CorsaA-B VectraA 1.2 1.6 1.4 89-00,GENERAL MOTORS,90349877,1,342.21,1,
Крышка распределителя  Opel Astra Corsa Kadett Vectra 1.2i-1.6i 86-98,GENERAL MOTORS,90350997,1,628.23,1,
"Лампа приборной панели 12V 1,1W   OPEL",GENERAL MOTORS,93190937,20,95.96,1,
Уплотнительное кольцо вала кпп  ORG,GENERAL MOTORS,93741869,1,1000.00,1,
"Кронштейн солнцезащитного козырька   OPEL Astra-J,Zafira-C",GENERAL MOTORS,95994975,4,92.07,1,
Болт,GENERAL MOTORS,96192229,2,3.91,1,
Колпачок болта ремня безопастности   Chevrolet 97,GENERAL MOTORS,96236550,1,17.59,1,
Молдинг крыши левый центральный,GENERAL MOTORS,96425255,1,352.42,1,
МОЛДИНГ КРЫШИ КУЗОВА,GENERAL MOTORS,96425259,1,178.23,1,
САЙЛЕНТБЛОК ЗАДНЕГО ПОПЕРЕЧНОГО РЫЧАГА,GENERAL MOTORS,96550055,2,247.50,1,
Шайба замка пятой двери,GENERAL MOTORS,96624485,2,134.21,1,
Ручка стекла багажной двери,GENERAL MOTORS,96624631,1,278.88,1,
Проводка кузова,GENERAL MOTORS,96821252,1,3895.65,1,
"Буфер HYUNDAI HD65,72,78,120 рессоры задней большой GEUN YOUNG",GEUN YOUNG,552705H001,1,271.28,1,
Комплект пыльника ШРУСа внутреннего VW Golf Polo 1.6-2.0  98,GKN (LOEBRO),0026101,1,739.12,1,
"Трипод SAAB  9-3 98-02, 9-3 Cabriolet 98-03, 900 I",GKN (LOEBRO),300592,1,1704.25,1,
Натяжитель,GMB,1350554021,1,691.91,1,
Натяжной ролик ремня ГРМ HONDA D13B D15B D16A VTEC,GMB,GT90040,1,474.25,1,
Крестовина FIAT вала карданного (61.30x23.82) GMB,GMB,GU400,1,293.08,1,
"ДИСК ТОРМОЗНОЙ ЗАДНИЙ 4WD SPORTAGE, TUCSON, SANTA FE GOLD ROTOR CCA053",GOLD ROTOR,CCA053,1,1150.24,1,
"Сальник распредвала, передний",GPARTS,VO9458309,1,168.65,1,
Радиатор кондиционера,GREAT WALL,8105100K00,1,2848.68,1,
Антифриз готовый к прим красный GT PolarCool Extra G12 (10л),GT OIL,4606746008278,1,1073.43,1,
"GT Hypoid GL-4 Plus SAE 75W-90 API GL-4 GL-5,1л",GT OIL,8809059407981,1,443.76,1,
Масло моторное синтетическое GT1 0W-30 1L,GT OIL,8809059408551,1,480.03,1,
"Масло моторное полусинтетическое всесезонное GT Turbo Max, SAE 10W-40, API SJ CF, 1 л",GT OIL,8809059408629,1,288.68,1,
Масло моторное синтетика GT Ultra Energy 0W-20 SN GF-5 (бензин) 1л,GT OIL,8809059408896,1,367.29,1,
Ремень ручейковый 6PK1713,GATES,68422,1,650.52,1,
Жидкость стеклоомывателя незамерзающая GLEID Supreme 5 л. марки -30,GLEID,715320,40,150.00,1,
Жидкость стеклоомывателя незамерзающая,GLEID,SDSNEZAM,2,150.00,1,
Фильтр масляный,GREEN FILTER,OK0171,1,191.29,1,
Фильтр АКПП с прокладкойMAZDA 3 5 6 03-,H&Q,20011007,1,506.30,1,
"Переключатель подрулевой VAG Golf V, VI",H+B ELPARTS,70585003,1,1600.00,1,
"Фильтр воздушный SUZ Swift II, SUB Justy 1,3 -03",H+B JAKOPARTS,J1328009,1,235.31,1,
"Топливный фильтр acura legend iii honda accord iv, accord v, capa, civ",H+B JAKOPARTS,J1334023,1,198.25,1,
Колодки тормозные дисковые,HANKOOK,FPD10,1,568.28,1,
Ремень крыла,HD-PARTS,319290,1,63.64,1,
ШРУС наружный ABS Nissan Almera 1618 95,HDK,NI55A42,1,1736.44,1,
Термостат VOLVO 740-960,HELLA,114087310,1,387.23,1,
Датчик включения вентилятора Opel Astra 1.8i 2.0i 1.7D TD 91-00,HELLA,817705,1,564.23,1,
Автолампа 1шт 24V 10W BA15S,HELLA,8GA002071251,28,17.12,1,
Лампа накаливания P21W 24V 21W BA 15s,HELLA,8GA002073241,10,19.12,1,
Лампа H3 24V 70W PK22s (64156),HELLA,8GH002090251,2,84.52,1,
Лампа накаливания,HELLA,8GM002092241,6,14.90,1,
"Вискомуфта вентилятора, VW PASSAT 1.6",HELLA,8MV37673201,1,3935.23,1,
РЫЧАГ НЕЗАВИСИМОЙ ПОДВЕСКИ КОЛЕСА,HERZOG,101022,1,550.55,1,
Сайлентблок подрамника,HERZOG,H101061,2,100.12,1,
Сайлентблок подрамника,HERZOG,H101202,2,100.12,1,
САЙЛЕНБЛОК ПЕРЕДНЕГО РЫЧАГА,HERZOG,H101215,2,100.12,1,
Наконечник рулевой,HERZOG,H102117,1,145.11,1,
НАКОНЕЧНИК РУЛЕВОЙ ТЯГИ,HERZOG,H201025,2,145.11,1,
Тяга стабилизатора задней подвески,HI-DRIVE,AL3049,3,376.14,1,
Стойка стабилизатора,HI-DRIVE,ALA546,2,1102.28,1,
Тяга рулевая с наконечником Audi A4 B5 1994-2001,HI-DRIVE,AR6017,1,1050.50,1,
Опора шаровая,HI-DRIVE,BJ0228R,1,386.54,1,
Шаровая опора,HI-DRIVE,BJ0229L,1,148.41,1,
Опора шаровая Tiguan Volkswagen Tiguan 2.0,HI-DRIVE,BJV556,1,583.33,1,
Наконечник рулевой пр. Audi A3 96- Skoda Octavia (1U2) 96- VW Golf IV 97- New Beetle 98,HI-DRIVE,RE0615R,1,572.12,1,
ВТУЛКА ШАРОВОЙ ОПОРЫ,HINO,S337561020,2,1148.54,1,
"МОНТАЖНЫЙ КОМПЛЕКТ, СИСТЕМА ВЫПУСКА",HJS,82438027,1,100.10,1,
Подшипник ступичный,HK,4934,1,2130.33,1,
Деталь,HONDA,06531S04000,1,3610.53,1,
Кольца поршневые,HONDA,13011PE1004,1,1828.23,1,
КРЫШКА МАСЛ НАСОСА,HONDA,15112PT0000,1,635.23,1,
Фильтр топливного насоса,HONDA,17516S84A01,1,1324.94,1,
ФИЛЬТР МАСЛЯНЫЙ АКПП,HONDA,25420PGH003,1,3187.20,1,
РЫЧАГ ЗАДНЕЙ ПОДВЕСКИ UPR ARM COMP R RR,HONDA,52390S9AA11,1,2901.16,1,
Деталь,HONDA,53010S10000,2,2020.59,1,
сальник p в,HONDA,91213PD2004,1,493.20,1,
Ролик ремня грм,HSC,HSC72010,1,464.66,1,
Ролик ремня грм CL I-II Kia Sportage,HSC,HSC72030,1,650.52,1,
Втулка стабилизатора,HUTCHINSON,590356,2,205.92,1,
"Ремень генератора поликлиновый без ГУР HQ96144932 Daewoo Nexia, Espero, Lanos 1.5 без ГУР 5PK 875",HUTCHINSON,868SK5,1,229.15,1,
Опора шаровая верхнего рычага передней подвески Civic (EG4. EG6. EG8. EH1) 1992-,HANSE,HB870118,1,246.99,1,
ОПОРА ШАРОВАЯ,HANSE,HB870222,1,298.15,1,
Чехол шруса универсальный,HANSE,HR001017,6,75.42,1,
Сайлентблок нижнего правого рычага передней подвески. задний PRIMERA P11E (07 19,HANSE,HR801142,1,789.03,1,
"Чехол защитный HR 821 071 TOYOTA CROWN, HAACE, HILUX, 4-RUNNER TRUCK",HANSE,HR821071,1,219.23,1,
Сайлентблок рычага передней подвески MARK II (GX90-100). CHASER (GX 90-100). CRE,HANSE,HR821179,1,164.66,1,
Чехол стойки амортизатора задней подвески CAMRY VISTA (CV4 . SV4 ) 06 1994-06 19,HANSE,HR822303,1,235.22,1,
болт,HC-PARTS,DIN965,2,35.00,1,
LX3773 Фильтр возд.Toyota Camry 2.0 2.5i 11- 2.4i 06-11,HENGST,E1288L,1,582.84,1,
"Фильтр масляный DB E,S-Klasse 3,2CDI 99-",HENGST,E28H,2,290.22,1,
Фильтр топливный MAN  TGX 07-,HENGST,E422KP01D98,2,840.34,1,
01-01-00-1011_фильтр системы масляной,HENGST,E89HD213,2,1093.41,1,
"Фильтр топливный MAN  EL 93-01, LION S CITY 96 -, LION S COACH 95 -, LION S STAR 91 -, NG 92 -, NL 8",HENGST,H70WDK15,2,388.17,1,
Пружина KIA,HYUNDAI-KIA,0K01133233,1,129.69,1,
Деталь,HYUNDAI-KIA,0K01166640,1,550.89,1,
Подшипник ступицы,HYUNDAI-KIA,0K67233047A,1,970.24,1,
Клипса,HYUNDAI-KIA,1472013006B,1,50.49,1,
Кольцо сливной пробки ALL    HYUNDAI. KIA,HYUNDAI-KIA,2151323001,99,16.00,1,
Опора двигателя Hyundai Sonata 4 EF,HYUNDAI-KIA,2191138670,1,450.51,1,
Опора двигателя,HYUNDAI-KIA,2193038650,1,3225.25,1,
ТОЛКАТЕЛЬ КЛАПАНА ДВИГ,HYUNDAI-KIA,222262B416,3,677.38,1,
Толкатель клапана двигателя 22231-23001,HYUNDAI-KIA,2223123001,16,442.12,1,
"Ремень ГРМ Hyundai Coupe (GK) 2002-2009,Hyundai Santa Fe (CM) 2006-2012,Hyundai Santa Fe (SM)  Santa",HYUNDAI-KIA,2431237500,3,4318.38,1,
Фильтр возд HYUNDAI Santa FE. ix35. KIA Sorento II NEW дизель 2.2,HYUNDAI-KIA,281132P300,2,528.24,1,
Защита двигателя пер.,HYUNDAI-KIA,291103W500,1,4000.00,1,
"Фильтр топливный в бак KIA  SORENTO 2.4I, 3.5I 02-",HYUNDAI-KIA,319113E200,1,976.54,1,
Деталь,HYUNDAI-KIA,329714B000,1,290.07,1,
Диск сцепления,HYUNDAI-KIA,4110036620,1,1689.54,1,
Главный цилиндр сцепления Hyundai Accent 1,HYUNDAI-KIA,4161022050,1,1348.56,1,
СТОПОРНОЕ КОЛЬЦО КПП,HYUNDAI-KIA,4323332198,1,16.63,1,
Пыльник шруса наружнего 49594-1H011,HYUNDAI-KIA,495941H011,1,2551.00,1,
Кольцо КПП уплотнительное - HD County E-County Chorus K3600 Pama,HYUNDAI-KIA,528205K300,1,594.65,1,
Подшипник опорный KIA Sorento NEW  опора пружины (серв. компания),HYUNDAI-KIA,546092P500FFF,1,722.53,1,
ВТУЛКА СТАБИЛИЗАТОРА AVANTE-XD,HYUNDAI-KIA,548132D102,2,201.96,1,
ОПОРНАЯ СКОБА ВТУЛКИ СТАБИЛИЗАТОРА,HYUNDAI-KIA,548153A000,2,130.00,1,
Пыльник рейки рулевого механизма,HYUNDAI-KIA,5772234000,1,97.02,1,
Тормозной цилиндр,HYUNDAI-KIA,5812045202,2,4050.00,1,
"Пружина HYUNDAI HD65,72,78 тормозных колодок передних (с ABS ) OE",HYUNDAI-KIA,581865K900,2,518.12,1,
"Пружина HYUNDAI HD65,72,78,County колодок прижимная OE",HYUNDAI-KIA,5818745000,4,49.54,1,
Колодки тормозные дисковые задние Santa-Fe NEW 2012,HYUNDAI-KIA,583022WA90,1,2739.00,1,
КОМПЛЕКТ ТОРМОЗНЫХ КОЛОДОК С НАКЛАДКАМИ (4ШТ),HYUNDAI-KIA,58305J5A05,1,6898.12,1,
Тормозной цилиндр,HYUNDAI-KIA,5832045202,2,4400.00,1,
"Пружина HYUNDAI HD65,72,78,County колодок стояночного тормоза,стяжная правая OE",HYUNDAI-KIA,598255H000,1,135.85,1,
Демпфер подрамника моторного отсека,HYUNDAI-KIA,624963B000,1,146.52,1,
Накладка решетки под лоб. стекло лев.,HYUNDAI-KIA,861501J010,1,200.11,1,
Деталь,HYUNDAI-KIA,8652217400,1,1538.74,1,
РЕЛЕ,HYUNDAI-KIA,9522534000,1,350.50,1,
Колпак защитный Hyundai  ix35 07-,HYUNDAI-KIA,988121H000,1,64.51,1,
Топливный фильтр,HYUNDAI-KIA,S3192226910,5,1093.95,1,
НАКОНЕЧНИК РУЛЕВОЙ ТЯГИ ПРАВЫЙ TOYOTA RAV 4 II (_A2_),IBERIS,IB119078,1,268.38,1,
"Ступица колеса задн KIA  OPIRUS, AMANTI 03- ABS",ILJIN,IJ113001,1,2691.60,1,
Опора двигателя резиновая,ISUZU,8941720181,1,2583.33,1,
Реле накала ISUZU,ISUZU,8943898021,1,5287.56,1,
Подушка двигателя 4BE1 ISUZU NKR NPR LH  92 ISUZU,ISUZU,8971059210,1,2079.21,1,
Колодки тормозные дисковые ICER,ICER,180861,1,1161.61,1,
"Колодки тормозные дисковые передн AUDI  100 84-90, 100 Avant 84-90, 200 83-91, 200 Avant 83-91, QUAT",ICER,180873,1,1185.27,1,
Колодки тормозные дисковые ICER,ICER,180975,1,1250.87,1,
Ролик ремня генеротора,INA,F2160843,1,1510.13,1,
Ролик натяжителя,INA,F234845,1,526.32,1,
"Колодки тормозные барабанные TOYOTA  COROLLA 95-97, COROLLA 87-93, COROLLA Compact 87-92, COROLLA Li",JFBK,F232,1,498.23,1,
Колодки тормозные,JFBK,F385,1,897.93,1,
Шланг системы охлаждения двигателя,JP GROUP,37121057,1,45.24,1,
ВТУЛКА СТАБИЛИЗАТОРА,JP GROUP,511395001,2,98.56,1,
ВТУЛКА СТАБИЛИЗАТОРА,JP GROUP,511395002,2,128.21,1,
"Датчик, частота вращения колеса",JP GROUP,927700001,1,686.00,1,
AC205C_фильтр салона угольный  Nissan Caravan Homy Elgrand VQ35DE E51,JS ASAKASHI,AC205C,1,466.98,1,
"Комплект проводов зажигания SEAT  CORDOBA 93-99, I",JANMOR,ABU12,1,767.93,1,
"Комплект проводов зажигания SEAT  AROSA 97-04, SKO",JANMOR,ABU73,1,561.22,1,
"Kолодки тормозные барабанные Nissan Note,Tiida",JAPAN CARS,C01056,1,898.56,1,
Помпа водяная Mazda 323 626 Xedos6 Xedos 9 1.8i 2.0 2.5 24V 92,JAPAN CARS,D13020,1,1497.23,1,
Ролик натяжителя,JAPAN CARS,E1110AJC,1,1985.54,1,
КОМПЛЕКТ ПОДШИПНИКА СТУПИЦЫ КОЛЕСА,JAPAN CARS,H21022JC,1,587.23,1,
ТЯГА СТАБ-РА ПЕРЕДН. TOYOTA JAPAN CARS J62005JC,JAPAN CARS,J62005JC,1,311.85,1,
Втулка стабилизатора передн NISSAN SUNNY N14 90-,JAPAN CARS,J71001,2,23.12,1,
Электромагнит Camry,JAPAN CARS,KE1021,2,525.32,1,
ПОРШЕНЬ ДВИГАТЕЛЯ,JAPAN CARS,O32005050,1,1789.23,1,
Фланец для соединения патрубков системы охлаждения,JAPANPARTS,121060012,1,245.45,1,
Подшипник перступицы комкт,JAPANPARTS,KK10511,1,759.33,1,
Щетка стеклоочистителя,JAPANPARTS,SSX70C,4,182.24,1,
BL22028_втулка стабилизатора переднего d22 Nissan Tiida 07,JIKIU,BL22028,2,187.54,1,
Колодки тормозные дисковые передн. MARCH II (K11) MICRA II (K11),JNBK,PK2191,1,499.21,1,
КОЛОДКИ ТОРМОЗНЫЕ ДИСКОВЫЕ ПЕРЕДНИЕ,JNBK,PK2824,2,819.23,1,
Деталь,JNBK,PN1405,1,859.32,1,
Колодки тормозные,JNBK,PN2131,1,670.70,1,
Деталь,JNBK,PN5211,1,624.69,1,
Колодки передн.  Daihatsu Pyzar Gran Move 93-00,JNBK,PN6340,1,587.23,1,
Колодки тормозные SUZUKI GRAND VITARA 2.7 XL-7 03- 1.6-2.7 05- передние,JNBK,PN9301,1,463.23,1,
Пружина зад. VW Passat 1.8-2.0 96г.,K+F,950639,3,1212.12,1,
Клин шкворня КАМАЗ (ОАО КАМАЗ),KAMAZ,53203001025,2,80.12,1,
"Пружина тормозная, , шт",KAMAZ,65203501035,6,93.25,1,
Трубка топливная клапана ЭФУ подводящая КамАЗ Евро-4 ТИССАН,KAMAZ,74070102282610,1,619.12,1,
Трубка КАМАЗ-ЕВРО ТКР подвода масла (ОАО КАМАЗ),KAMAZ,750101118290,1,1921.23,1,
Подшипник шкворня Евро игольчатый,KAMAZ,HK455220,5,172.21,1,
"Соединительная головка (красн.) m16x1.5 внутр.omn mb, rvi, bpw",KNORR BREMSE,KU1310,1,359.42,1,
Соединительная головка малая (желтая),KNORR BREMSE,KU1311,1,298.45,1,
"Ремкомплект HYUNDAI HD65,72,78,County цилиндра тормозного переднего KOS",KOS,KOS1309FW,4,189.12,1,
Сальник KOS KOS-329,KOS,KOS329,1,89.62,1,
Фильтр воздушный,KUHLER SCHNEIDER,673AR,1,2240.44,1,
Контактная группа,KW,706049,1,208.45,1,
Контактная группа,KW,719044HV,5,88.24,1,
КРЫШКА РАСПРЕДЕЛИТЕЛЯ ЗАЖИГАНИЯ,KW,813119,1,1154.23,1,
КРЫШКА РАСПРЕДЕЛИТЕЛЯ ЗАЖИГАНИЯ,KW,822023,2,1242.32,1,
КРЫШКА РАСПРЕДЕЛИТЕЛЯ ЗАЖИГАНИЯ,KW,822030,3,875.23,1,
Крышка распределителя зажигания,KW,828083,1,706.86,1,
Крышка распределителя зажигания,KW,830098,3,1031.58,1,
Крышка распределителя зажигания,KW,830104,1,571.23,1,
Крышка распределителя зажигания,KW,831003001,3,323.73,1,
Крышка распределителя зажигания,KW,831125,3,990.45,1,
Бегунок распределителя зажигания,KW,906012R,2,291.06,1,
Бегунок распределителя зажигания,KW,906061R,1,297.00,1,
Бегунок распределителя зажигания,KW,906114R,1,223.74,1,
1406127R 906127RБег-к BoschOpel VectraA OmegaA KadettE AstraF 1.8 2.0,KW,906127R,3,629.96,1,
"Бег-к Ducellier PGT 405 605 1,4-2,0 87- Citroen AX BX C15 XM ZX 1,1-2,",KW,915102R,1,279.58,1,
Бегунок распределителя зажигания,KW,922052,1,99.00,1,
Бегунок распределителя зажигания,KW,922085,1,248.49,1,
Бегунок распределителя зажигания,KW,922095,1,371.25,1,
Бегунок распределителя зажигания,KW,928026R,1,318.78,1,
Бег-к Mitsubishi Colt 1.2 1.3 78-92 Galant 1.6 1.8 88-92 Lancer 1.3 88,KW,931023,1,214.22,1,
"Бегунок распределителя зажигания MAZDA  323 III (BF) 1.6 GT 1.6 GT Turbo 85-90, 323 III Hatchback (B",KW,931105,1,338.12,1,
Бегунок распределителя зажигания,KW,931107,3,189.23,1,
Бегунок распределителя зажигания,KW,931108,1,246.51,1,
Амортизатор,KYB,338025,1,4250.18,1,
Пружина пер Nissan X-Trail - F,KYB,RD3136,1,1831.26,1,
Опора шаровая MITSUBISHI L200 96-  PAJERO 91- верхняя правая,KAPIMSAN,1605505,12,327.34,1,
"Колодки тормозные, передние",KASHIYAMA,D0033,1,1193.94,1,
КОЛОДКИ ТОРМОЗНЫЕ ДИСКОВЫЕ КОМПЛЕКТ,KASHIYAMA,D2102,1,1039.56,1,
D2109-01_ Y02-2109  колодки дисковые п Toyota Camry SV32 90-94,KASHIYAMA,D2109,1,1014.75,1,
"Колодки тормозные, задние",KASHIYAMA,D2165M,1,1243.44,1,
"Колодки передние 0446552130 PLATZ 02-05, PROBOX 02-, VITZ 99-03, YARIS 99-",KASHIYAMA,D2174M,1,883.24,1,
D3101M KASHIYAMA Колодки тормозные дисковые (с датчиком износа),KASHIYAMA,D3101M,1,1694.88,1,
D7036-01_ 655 02 Y07-7036  колодки дисковые п. Subaru Forester 2.0 02,KASHIYAMA,D7036,1,953.37,1,
"Колодки тормозные дисковые, комплект Grand Vitara XL-7",KASHIYAMA,D9045,1,826.65,1,
"Колодки тормозные барабанные, задние",KASHIYAMA,K6712,1,1317.69,1,
Масляный фильтр,KOMATSU,1306048210,2,560.61,1,
"Подшипник ступицы MERCEDES O 403   RENAULT TRUCKS   MAN   VOLVO, 70 110 32 роликовый конический",KOYO,33014JR,1,2621.12,1,
подшипник ступицы,KOYO,DAC286142AWCS40,1,1697.85,1,
"подшипник задней ступицы accord cf5,7  avancier ta2,4  civic eu2 stepwgn rf2 stream rn4,7 4wd",KOYO,DAC3872W10CS42,1,1070.19,1,
подшипник ступицы,KOYO,DAC4072W3CS35,4,991.11,1,
Ролик натяжителя ремня ГРМ,KOYO,PU245835RR9DY,1,852.39,1,
ЩЕТКА МОТОРА ОТОПИТЕЛЯ,KRAUF,KSB0015,1,51.48,1,
Щетка мотора отопителя,KRAUF,KSB0016,2,145.00,1,
"Колодки тормозные передние дисковые Intelli , комплект Audi 80 90 100   VW Passat",KRONER,KR860,1,418.23,1,
"Фильтр топливный Ford Granada Scorpio 2.5D TD  94,Renault R21 2.1D TD 86-95",KS,031FC,1,137.23,1,
Поршень ДВС MERCEDES-BENZ 2.2CDi OM611 88 2.5x2x3 0.5 03,KS,41014620,4,7081.47,1,
000-OS Фильтр масл.DAF Iveco,KS,50013000,2,311.12,1,
ФИЛЬТР МАСЛ VW GOLF IV 2.3 V5 TOURAN VW CADDY III,KS,50013505,1,310.24,1,
комплект вкладышей коренных,KS,87454600,1,1843.38,1,
ВКЛАДЫШИ КОРЕННЫЕ 10ПОЛОВИНОК.КОМПЛ,KS,HL87435600STD,1,1482.23,1,
Облицовка порога ВАЗ-2108 передняя правая левая к-т,LADA,21080510907677,1,51.00,1,
"БОЛТ, М14 Х 80ММ",LAND ROVER,RYG000420,6,327.21,1,
"Сайлентблок плавающий задней оси BMW  3 E36 94-98, E46 98-05",LEMFORDER,1320801,2,1382.00,1,
Сайлентблок рычага,LEMFORDER,3683101,1,413.82,1,
Ремень ГРМ,LEMFORDER,800060041,1,740.41,1,
Ремень поликлиновидный,LEMFORDER,800135036,1,465.28,1,
Ремень ручейковый Lynx  6pk1768,LYNXAUTO,6PK1768,1,508.86,1,
К-т дисков. тормоз. колодок,LYNXAUTO,BD7569,1,733.59,1,
"Втулка стабилизатора TOYOTA Camry(SXV10-40) 92-02   Harrier 97-03   Caldina 92-97, LEXUS RX300 98-03",LYNXAUTO,C9164,2,79.12,1,
Сайлентблок внеш.   тяга Попереч.   Зад. подв.,LYNXAUTO,C9581,1,318.78,1,
Лампа накаливания LYNXauto L14505,LYNXAUTO,L14505,1,10.89,1,
Ролик-натяжитель ручейкового ремня,LYNXAUTO,PB7023,1,845.46,1,
Провода высокого напряж. к-кт,LYNXAUTO,SPE8023,1,677.55,1,
ПРУЖИНА ПОДВЕСКИ ПЕРЕД BMW,LESJOFORS,4008431,2,1946.34,1,
АМОРТИЗАТОР КАПОТА MERCEDES,LESJOFORS,8056813,1,926.28,1,
Газовый упор багажника RENAULT,LESJOFORS,8172947,2,801.32,1,
Бита 1 4 quot torx T30 25мм,LICOTA,BTT102530,1,74.84,1,
ФИЛЬТР ВОЗД SCANIA (LKW),M-FILTER,A256,2,1330.35,1,
ФИЛЬТР ВОЗД VOL NKF (LKW),M-FILTER,A529,1,2259.45,1,
A 595 - Фильтр воздушный,M-FILTER,A595,1,4050.52,1,
A 8061 Фильтр воздушный,M-FILTER,A8061,1,408.15,1,
"Колодки тормозные перед VW Golf II 1,1-1,6 84-90 ,Jetta 1,1-1,6D 83-88",MAFF,72920,1,565.20,1,
Колодки тормозные задн VW T4 all 16 99-00 с датч,MAFF,76900,2,820.22,1,
Колодки дисковые,MAFF,77880,1,1500.28,1,
Колодки тормозные,MAFF,77930,1,685.85,1,
MAM00023M Топливный насос (в сборе) VW Golf IV Skoda Octavia  97-,MAGNETI MARELLI,313011313023,2,2814.14,1,
ПРОКЛАДКА,MAN,51039050177,1,7211.48,1,
Фильтр масляный,MANN-FILTER,HU1381X,1,396.54,1,
Фильтр масляный Skoda Fabia 1.2 Volkswagen Polo 1.2,MANN-FILTER,HU710X,10,388.45,1,
Фильтр масляный,MANN-FILTER,W71293,4,418.23,1,
смазка для ШРУСов с молибденом EP-2 230г,MANNOL,8096,10,71.37,1,
Рем-кт суппорта (пятаки и пыльники) ALL SN MARSHAL,MARSHALL,M2910017,2,526.28,1,
"Ремкомплект суппорта KNORR SB5,SB6,SB7 (пятаки с пыльниками без бортика d 74мм) (2шт.) MARSHALL",MARSHALL,M2910018,1,549.25,1,
"Ремкомплект суппорта KNORR SB6,SB7 (палец 80х32мм, втулка, болт, кольцо) MARSHAL",MARSHALL,M2910104,2,564.20,1,
Гайка универсальная HM22 1.5-10H27SW32,MARSHALL,M4000002,76,74.00,1,
"Шпилька MAN М22х1,5х77     TGA задняя (см. 3894010071)",MARSHALL,M4100023,14,133.10,1,
Диафрагма тип-16 (Балаково),MAZ,1003519050,1,83.24,1,
Диафрагма тормозной камеры (тип 20) 18.3519110,MAZ,100351915001,2,138.12,1,
МЕМБРАНА ТИП 24,MAZ,100351925001,2,138.12,1,
Диафрагма тип-30 (Балаково),MAZ,1003519350,1,123.24,1,
Кольцо уплотнительное оси балансира БРТ (6303-2918069),MAZ,1221304622,1,38.07,1,
Мотор стеклоочистителя (аналог 351.5205) (Китай),MAZ,163730,1,1497.86,1,
Реле указателя поворота,MAZ,573777,1,217.54,1,
Элемент упругий (БРТ),MAZ,64221109184,2,103.73,1,
ШЛАНГ ТОРМОЗНОЙ РЕЗИНОВЫЙ,MAZDA,BK1T43980,1,618.12,1,
Деталь,MAZDA,D20139060,1,3496.68,1,
Тяга рулевая L R Tribute EP 00-,MAZDA,EC0132240,2,2247.23,1,
Рычаг подвески задний верхний,MAZDA,F15128600A,1,1200.00,1,
КОЛЬЦО КРУГЛОГО СЕЧЕНИЯ,MAZDA,F8B518T41,1,245.23,1,
STEINSCHLAGSCHUTZ,MAZDA,GA7B504R1,1,943.47,1,
Опора амортиз пер. MAZDA 6 02- без подшипника,MAZDA,GJ6E34380A,1,1470.41,1,
КОЛПАЧОК МАСЛОС ЕМНЫЙ КЛАПАНА ВЫПУСКНОГО,MAZDA,KL0210155,13,227.60,1,
Уплотнитель радиатора MAZDA 6 2009-,MAZDA,LF4J15222,2,13.77,1,
"Рычаг тормоза регулировочный КАМАЗ 10т задний правый,(средний левый) MEGAPOWER",MEGA POWER,55113502136,1,558.36,1,
Рычаг тормоза регулировочный КАМАЗ-6520 средний правый с кронштейном MEI,MEI,4W4152,1,4368.23,1,
Рычаг тормоза регулировочный КАМАЗ-6520 задний правый MEI,MEI,4W4341,1,3847.23,1,
Рычаг тормоза регулировочный КАМАЗ-6520 задний левый MEI,MEI,4W4346,1,3847.23,1,
С-б.балки зад.MERCEDES A-CLASS (W168) 97-04,MERCEDES-BENZ,1683510142,1,950.55,1,
Фильтр масляный (картридж) MERCEDES W202 W203 W204 W210 W211 W212 W463 X164 X204 W163 W...,MERCEDES-BENZ,A0001802609,4,394.56,1,
ЭЛЕКТРОПРОВОД   ZB LEITUN,MERCEDES-BENZ,A0005404005,6,611.66,1,
"Провод с контактом кнопки стеклоподъемника (ремонтный, 1 провод, 2 контакта)",MERCEDES-BENZ,A0005404605,4,350.53,1,
КЛИПСАKLAMMER,MERCEDES-BENZ,A0009912771,20,43.68,1,
Держатель панели приборов,MERCEDES-BENZ,A0009944948,1,33.33,1,
КНОПКА   DRUCKKNOPF,MERCEDES-BENZ,A0019884681,132,105.65,1,
Подшипник передний ступици,MERCEDES-BENZ,A0029806502,1,1660.53,1,
Свеча зажигания MERCEDES-BENZ A0041595003,MERCEDES-BENZ,A0041595003,8,846.00,1,
"Гнездовой патрон, предупредительный зуммер",MERCEDES-BENZ,A0075458426,2,179.86,1,
ШАЙБА,MERCEDES-BENZ,A0089907582,26,30.82,1,
"Кольцо уплотнительное трубки кондиционера MERCEDES  W221, W169",MERCEDES-BENZ,A0139974045,1,120.78,1,
"Кольцо уплотнительное трубки кондиционера, 10,9х1,85",MERCEDES-BENZ,A0139977645,1,131.18,1,
Кольцо уплотнительное,MERCEDES-BENZ,A0149976245,11,166.79,1,
КОЛЬЦО УПЛОТНИТЕЛЬНОЕ,MERCEDES-BENZ,A0169976148,6,97.23,1,
ПОДШИПНИКKEGELROLLLAGER,MERCEDES-BENZ,A0179811005,1,2861.26,1,
ШЛАНГ,MERCEDES-BENZ,A0199977282,1,1302.25,1,
БОЛТ,MERCEDES-BENZ,A1020520174,1,714.00,1,
ПРОКЛАДКА УПЛОТ КОЛЛЕКТОРА ВПУСКНОГО,MERCEDES-BENZ,A1121420180,4,183.42,1,
ЭМБЛЕМА ФИРМЕННАЯ С КРЕПЛЕНИЯМИ,MERCEDES-BENZ,A1165860188,1,1102.22,1,
Втулка стабилизатора,MERCEDES-BENZ,A1243235085,1,175.22,1,
Болт крепления рычага подвески М12,MERCEDES-BENZ,A1403501170,1,351.27,1,
Подшипник в подвесной,MERCEDES-BENZ,A1634100010,1,8300.55,1,
ДАТЧИК ТЕМПЕРАТУРЫ КОНДИЦИОНЕРА,MERCEDES-BENZ,A1638300272,1,1711.31,1,
"Фильтр салон. уголь комбинированный 2шт MB GL-Class (164) 06-, M-Class (164) 05-, R-Class (251) 06-",MERCEDES-BENZ,A164830021864,7,1106.12,1,
УПЛОТНЕНИЕ СТЕКЛА ВЕТРОВОГО,MERCEDES-BENZ,A2036700539,1,602.49,1,
Крышка подлокотника,MERCEDES-BENZ,A2036804607,1,1978.84,1,
"Ремкомплект, креп. детали траверсы снизу на раме",MERCEDES-BENZ,A2103300018,2,538.17,1,
Фары крепление,MERCEDES-BENZ,A2108260000,1,2000.00,1,
Трубка,MERCEDES-BENZ,A210832121564,1,3521.21,1,
ПЛАНКА,MERCEDES-BENZ,A2118852021,1,923.50,1,
НАКЛАДКА РЕШЕТКИ РАДИАТОРА,MERCEDES-BENZ,A2188851174,1,2504.30,1,
КОЖУХ БАМПЕРА СПРАВА,MERCEDES-BENZ,A2228856200,1,4780.07,1,
Фильтр воздушный MERCEDES W203 W204 W211 W212 W209 R171 SPRINTER 3.5 906 08-,MERCEDES-BENZ,A2710940204,4,837.23,1,
Втулка стаб-ра   W906  пер.  (цена за 1-шт),MERCEDES-BENZ,A9063233685,1,741.93,1,
Трос открывания замка задней правой двери средний МБ Спринтер 515,MERCEDES-BENZ,A9067600804,1,943.12,1,
КОВРИК РЕЗИНОВЫЙ,MERCEDES-BENZ,B66560550,1,1471.95,1,
Предохранитель 40А,MERCEDES-BENZ,N000000000417,4,100.12,1,
ПРЕДОХРАНИТЕЛЬ ЭЛЕКТРИЧЕСКИЙ 40А,MERCEDES-BENZ,N000000002090,6,100.12,1,
БОЛТ 10.9,MERCEDES-BENZ,N910105012001,1,340.63,1,
"Болт с шестигр. головкой, резин. опора на лонжероне",MERCEDES-BENZ,N910105012015,1,126.16,1,
Пыльник тормозного барабана,MERITOR,15220648,1,551.11,1,
"Комплект дисковых колодок 211x108x30 Knorr SK7, SB4309  05 2003",MERITOR,MDP3171K,1,5845.41,1,
Колодки an-422 (mp422j) mint,MINTYE,MP422J,1,324.12,1,
Трос стояночного тормоза,MITSUBISHI,4820A146,1,1347.18,1,
Щетка стеклоочистителя,MITSUBISHI,MB302649,2,1524.21,1,
ШЕСТЕРНЯ,MITSUBISHI,MD132148,1,3234.12,1,
"ремень грм зубчатый, 125см",MITSUBISHI,MD377240,1,3907.32,1,
Пружина возврата вилки переключения раздаточной коробки,MITSUBISHI,MD738450,1,101.23,1,
ФОРСУНКА ОМЫВАТЕЛЯ ФАР   EA,MITSUBISHI,MR192825,1,5749.25,1,
"Панель фары,лев.",MITSUBISHI,MR208297,1,975.23,1,
Тяга задняя поперечная,MITSUBISHI,MR210768,1,3550.47,1,
Подушка рулевого механизма,MITSUBISHI,MR374979,1,770.22,1,
Фара противотуманная MITSUBISHI PAJERO SPORT 00-08,MITSUBISHI,MR496369,1,7864.59,1,
ЗАМОК,MITSUBISHI,MR503021,1,2967.03,1,
MS851234 СВЕЧА ЗАЖИГАНИЯ xMITSUBISHI,MITSUBISHI,MS851234,4,353.09,1,
Свеча зажигания CS3A DA1A,MITSUBISHI,MS851358,25,280.11,1,
Колодки тормозные передние MITSUBISHI MZ690333,MITSUBISHI,MZ690333,1,2937.32,1,
Приемная труба Ауди A80 B3,MIVV,0010490980,1,1158.28,1,
Защитный комплект амортизатора,MR UNIVERSAL,10202,1,244.47,1,
"Фильтр воздушный салона DAF 95,95XF (312х225х25мм) MTF",MTF,K951,1,366.66,1,
"Фильтр воздушный VOLVO FH12 (с крышкой, крепление 4 отверстия) MTF",MTF,MF511,1,2498.48,1,
"Фильтр воздушный VOLVO 12FM,12FH MTF",MTF,MF529,1,1948.56,1,
Сальник MUSASHI M4561,MUSASHI,M4561,1,171.26,1,
Подшипник передней ступицы MAZDA  323  1991-1994   626  1989-2002   Mazda 6  2002-2006   MPV  1999-2,MV-PARTS,JBH9538,1,772.13,1,
Катушка зажигания,MV-PARTS,ZL0118100B,1,1485.21,1,
Кольца ДВС поршневые (к-т на 1 поршень),MAHLE/KNECHT,01337N2,4,776.66,1,
Фильтр топливный,MAHLE/KNECHT,KC186,1,835.32,1,
Фильтр топливный,MAHLE/KNECHT,KC217,1,963.61,1,
Фильтр топливный,MAHLE/KNECHT,KC51,1,407.88,1,
Фильтр топливный Mercedes W123  W124  W201  W202  W126,MAHLE/KNECHT,KL19,1,584.10,1,
Фильтр топливный Audi 80 A4 A6 A8 V8 1.6-4.2 88 . VW Passat 4.0i W8 01,MAHLE/KNECHT,KL36,2,825.88,1,
Фильтр топливный,MAHLE/KNECHT,KL5,1,249.31,1,
Фильтр топл.AUDI 80 2.,MAHLE/KNECHT,KL51,1,970.32,1,
Фильтр топливный,MAHLE/KNECHT,KX69,1,521.63,1,
"Фильтр воздушный VOLVO 7FM,9FMX,10FM,12FM MAHLE",MAHLE/KNECHT,LX1587,1,4152.27,1,
Фильтр воздушный,MAHLE/KNECHT,LX2838,1,3329.24,1,
Фильтр воздушный OPEL VECTRA B 96-02 VECTRA B хечбэк 96-03,MAHLE/KNECHT,LX691,1,352.73,1,
Фильтр масляный TOYOTA AVENSIS COROLLA CARINA CAMRY YARIS RAV,MAHLE/KNECHT,OC18,1,227.45,1,
Фильтр масляный,MAHLE/KNECHT,OX103D,2,402.39,1,
Фильтр масляный VW Golf Passat Sharan 2.8 2.9 VR6 91 . Ford Galaxy 2.8i 95-00,MAHLE/KNECHT,OX125,1,628.65,1,
"Фильтр масляный OPEL  VECTRA B 96-02, VECTRA B хечбэк 96-00, VECTRA B универсал 96-00",MAHLE/KNECHT,OX159D,1,100.25,1,
"Фильтр масляный MERCEDES-BENZ  COUPE 80-85, G-CLAS",MAHLE/KNECHT,OX33D,2,367.29,1,
Фильтр масляный,MAHLE/KNECHT,OX434D,1,1352.52,1,
"Крепеж HYUNDAI Accent,Elantra,Getz,Matrix глушителя MANDO",MANDO,DCC000139,1,50.79,1,
Колодки тормозные передние 2WD до2003 D4BH 581014AA31 A60 A00 A32 SP1099,MANDO,MPH07,1,719.06,1,
Сальник ступицы BPW ECO PLUS 97 157.5 23,MANSONS,GR207,1,635.47,1,
Рулевая тяга,MAPCO,491171,1,394.63,1,
Ремень поликлиновый 5 PK 1665,MASUMA,5PK1665,1,584.12,1,
Клипса пластиковая,MASUMA,KJ2269,18,11.48,1,
KJ-455 Клипса Masuma,MASUMA,KJ455,9,9.15,1,
Сайлентблок Masuma HiAce .LH1  . RZH10.11.12 .133.18 . rear low,MASUMA,RU158,1,485.38,1,
"САЙЛЕНТБЛОК MASUMA CRV  V2000, 2200, 2400 FRONT L",MASUMA,RU544,1,458.03,1,
Фильтр масляный ДВС,MECAFILTER,ELH4420,1,198.23,1,
Направляющая клапана ГРМ,METELLI,01S2721,3,177.21,1,
01-2100_направляющая клапана   .MB W201 W202 W124 2.0D-3.0TD OM601 602 603 83  8,METELLI,12100,2,81.18,1,
NISSAN MICRA LL PRIMERA 90-00 D27X2.6,METELLI,3027260,1,235.11,1,
Ремень ручейковый,MEYLE,0500061120,1,402.53,1,
Ремкомплект гидроусилителя руля MEYLE,MEYLE,1001980002,1,215.75,1,
"Подшипник ступицы VAG A100 200 88- , A4 95-01, A6 94-97, Passat B5 96- , SKODA Superb 02-  (передней",MEYLE,1004070037,1,1381.05,1,
"Датчик давления масла VAG, SEAT, SKODA 1.2TDI, 1.4TDI, 1.7D SDI, 1.9TDI SDI, 2.0TDI SI, 2.4D, 2.5TDI",MEYLE,1009190042,1,318.18,1,
Рычаг пер.подв. L,MEYLE,3160504332HD,2,2533.33,1,
Амортизатор подвески задн Chevrolet  Blazer 91-02  GMC  Jimmy 91-02,MONROE,37021,2,1901.10,1,
Амортизатор подвески,MONROE,F5002,1,2798.00,1,
Амортизатор подвески задний (0 0) SC4,MONROE,T5144,1,4782.21,1,
"Тяга рулевая PEUGEOT 405 (I, II)",MOOG,PEAX5747,1,527.95,1,
"Подшипник передней ступицы наружний LiteAce, LiteAce Truck, TownAce NOAH 2WD 82-04",NACHI,HALM1194910,2,258.23,1,
"HLM1194910 Подшипник передней ступицы наружний LiteAce, LiteAce Truck, TownAce NOAH 2WD 82-04",NACHI,HLM1194910,1,256.41,1,
Регулятор напряжения генератора,NEW ERA,IVR842,1,624.23,1,
BKR5EP-11   3440   Свеча зажигания NGK Toyota Prev,NGK,3440,2,465.55,1,
Свеча зажигания,NGK,4912,4,630.00,1,
Свеча зажигания BKR5EY,NGK,7390,2,139.15,1,
"3696   BKR6EY Свеча зажигания NISSAN  PRIMERA, SUN",NGK,BKR6EY,2,149.36,1,
4669   BP5E Свеча зажигания,NGK,BP5E,2,123.75,1,
2412 свеча зажигания,NGK,BP7ES,2,130.29,1,
3377 свеча зажигания,NGK,BUR5ET,4,297.99,1,
Свеча зажигания 2876,NGK,BUR6ET,5,252.11,1,
Вкладыш шатунный,NISSAN,121114P101,2,194.12,1,
ПРОКЛАДКА ВПУСКНОГО КОЛЛЕКТОРА,NISSAN,1403871L01,1,447.23,1,
Воздухозаборник N16 B15 G10 QG-,NISSAN,165546N000,1,678.21,1,
Прокладка приемн трубы Т31 T30 J10E,NISSAN,206958H32E,12,648.42,1,
Прокладка приемнтрубы E11E С11X J10E,NISSAN,20695ED10E,14,806.23,1,
"СВЕЧА ЗАЖИГАНИЯ (N15, P11E)",NISSAN,2240120J05,14,178.20,1,
Заглушка,NISSAN,2756955S60,1,198.23,1,
Фильтр маслосборника АКПП,NISSAN,317263JX0A,1,758.12,1,
ДАТЧИК ПОЛОЖЕНИЯ СЕЛЕКТОРА АКПП,NISSAN,3191831X12,1,2087.23,1,
КОЛПАК СТУПИЦЫ КОЛЕСА WD21 Rear,NISSAN,4034208G00,1,500.00,1,
рем набор суппорта,NISSAN,41120VK125,2,3892.68,1,
САЛЬНИК ЗАДНЕЙ СТУПИЦЫ,NISSAN,43252HC000,1,229.23,1,
Ремкомплект зад тормозов R20,NISSAN,440819C026,1,414.81,1,
Болт крепежный,NISSAN,544590M10E,1,116.49,1,
стойка стаб пер r50,NISSAN,546180W001,1,1268.59,1,
Стойка стаб пер прав J32 T32,NISSAN,546181AA0E,5,1038.21,1,
наконечник стабил,NISSAN,546181C101,2,1253.34,1,
Стойка стаб пер лев J32 T32,NISSAN,546681AA0E,5,1037.23,1,
Втулка рессоры задней NISSAN NAVARA (D40) (2005 ),NISSAN,55046EB000,2,436.87,1,
Стеклоподъемник передний левый,NISSAN,8070195F0B,1,2890.00,1,
Ручка двери(в цвет),NISSAN,906062U321,1,2235.35,1,
Фильтр салона Y62 G35 37 25 QX80 QX56 SKYLINE,NISSAN,B7277EG01A,5,598.12,1,
Ремкомплект рабочего тормозного цилиндра,NISSAN,D4100M4985,1,432.12,1,
Тяга рулевая,NISSAN,D8521JK01A,1,6402.91,1,
Антифриз NISSAN L248 Coolant Premix -38C зел ный готовый 1л,NISSAN,KE90299935,1,362.85,1,
Масло трансмиссионное NISSAN AT-Matic D Fluid  N-CVT 1л,NISSAN,KE90899931,6,443.12,1,
Масло трансмиссионное NISSAN AT-Matic J Fluid NISSAN (1л),NISSAN,KE90899932,12,547.25,1,
"Масло трансмиссионное CVT NS-3, 5л",NISSAN,KE90999943,7,3891.30,1,
Колодки пер. MITSUBISHI GALANT IV-VI. PAJERO II-III. PEUGEOT 4007,NISSHINBO,PF3152,2,1064.99,1,
Колодки тормозные,NISSHINBO,PF7390,1,1412.12,1,
Амортизатор ВАЗ 2110 передний масляный,NPA,NP35116,2,1000.27,1,
Комплект монтажный торм. колодок перед. Рено (В0),NPA,NP51104231,16,214.14,1,
Подшипник промежуточный вала приводного переднего справа (62 35 14),NTN-SNR,6007EE,1,340.00,1,
Деталь,NTN-SNR,JL69349,2,1151.37,1,
"ШРУС наружный Ford Focus 2.0TDCI 10-, C-Max 2.0TDCI 10-, Kuga 1.6T 13-",NTY,NPZFR044,1,1751.11,1,
Катушка зажигания,NAKAMOTO,V130018,3,1955.21,1,
Автолампа (170283000),NARVA,17028,1,19.95,1,
Автолампа (170463000),NARVA,17046,1,19.95,1,
12V сигнальная лампа BAX olive green,NARVA,17047,1,19.95,1,
"Лампа BAX12V 1.5W BX8,4d бежев.",NARVA,170483000,1,23.80,1,
лампа галогеновая H1,NEOLUX,N466,4,62.05,1,
Лампа,NEOLUX,NT10BL,1,750.00,1,
Ролик натяжной ремня ГРМ TOYOTA  LAND CRUISER 1350554020 1350554021,NEWSUN,NS6303,1,648.82,1,
РОЛИК ГРМ отдельно от натяжителя,NEWSUN,VKM11050,1,1024.23,1,
"Колодки тормозные дисковые задние, комплект",NIBK,PN0021,2,938.42,1,
Колодки тормозные дисковые,NIBK,PN2176,1,1156.44,1,
ролик ремня грм mazda 323 626,NIPPARTS,J1143008,1,1391.33,1,
j1331015_фильтр топливный  nissan sunnyprimera 1.4-1.6   16v 86-96,NIPPARTS,J1331015,1,128.50,1,
Фильтр топливный,NIPPARTS,J1332024,1,264.64,1,
J1344007_фильтр салона  Honda Jazz 1.2-1.5 02-08,NIPPARTS,J1344007,1,181.22,1,
Тормозной диск,NIPPARTS,J3302135,2,1001.21,1,
Тормозной диск,NIPPARTS,J3312026,2,1001.21,1,
J3602055_колодки дисковые передние  Toyota Land C,NIPPARTS,J3602055,3,770.22,1,
j3602101_колодки дисковые передние toyota corolla 1.41.6 wti2.0d4-d 02,NIPPARTS,J3602101,3,753.37,1,
Колодки тормозные,NIPPARTS,J360236,1,753.37,1,
n4234043_сайлентблок рычага переднего  honda accord 2.0-2.42.2ctdi 03,NIPPARTS,N4234043,1,381.11,1,
n5518011g_амортизатор газовый передний правый  suzuki liana 1.4ddis 04,NIPPARTS,N5518011G,1,1801.21,1,
Наконечник тяги рулевой,NK,5039305,1,466.94,1,
Диафрагма тип-16 (Балаково),NONAME,1003519050,1,81.85,1,
Натяжной ролик ремня ГРМ TOYOTA 1UZ-FE Celsior   Lexus LS400   Aristo,NSK,62TB0630B07,1,2747.25,1,
Втулка рессоры 5 825 PO-2113,OHNO,PO2113,2,165.00,1,
"Вставка-бита 10 мм DR TORX, T55, 75 мм",OMBRA,571355,1,74.71,1,
Клипса двери,OPEL,13252118,5,62.00,1,
Датчик АБС,OPEL,13381153,2,2614.21,1,
Свеча зажигания,OPEL,55564748,16,647.00,1,
Втулка стабилизатора,OPEL,90538865,1,349.44,1,
Гайка,OPEL,90576769,5,72.97,1,
Шланг теплообменника,OPEL,9129560,1,2308.64,1,
Винт,OPEL,9156046,46,215.26,1,
Свеча зажигания,OPEL,93180485,14,310.39,1,
подшипник ступицы,OPTIMAL,100056,2,876.15,1,
подшипник ступицы пер vw caddy 82- 92golf ijetta i 75- 84,OPTIMAL,101010,1,840.51,1,
комплект подшипника ступицы колеса,OPTIMAL,201210,2,873.18,1,
Подшипник зад.ступ.,OPTIMAL,300004,2,453.42,1,
Подшипник ступицы к-т передний Ford 72-90,OPTIMAL,300062A,2,396.42,1,
комплект подшипника ступицы колеса,OPTIMAL,301006,1,658.35,1,
Подшипник ступицы SIERRA перед. 83-94 LH,OPTIMAL,301034A,1,838.23,1,
"Подшипник ступицы FORD Escort 90-95, Fiesta 89-02, Orion 90-93, Ka 96- , Puma 99- , Street 03-05 (пе",OPTIMAL,301132,1,743.90,1,
комплект подшипника ступицы колеса,OPTIMAL,301246,2,925.65,1,
ПОДШИПНИК СТУПИЦЫ ПЕРЕДНИЙ,OPTIMAL,401048,1,718.12,1,
Подшипник передней ступицы,OPTIMAL,942501,1,1189.12,1,
ПОДШИПНИК ПЕРЕДНЕЙ СТУПИЦЫ,OPTIMAL,981572,1,1045.44,1,
наконечник поперечной рулевой тяги,OPTIMAL,G11330,1,809.24,1,
наконечник рулевой левправ ford tranzit рейка,OPTIMAL,G1292,1,404.81,1,
наконечник поперечной рулевой тяги mercedes-benz  t1 bus (601)  t1 bus (602)  t1 kasten (601)  t1 ka,OPTIMAL,G1721,1,531.63,1,
наконечник поперечной рулевой тяги mercedes-benz  t1 bus (601)  t1 bus (602)  t1 kasten (601)  t1 ka,OPTIMAL,G1722,1,531.63,1,
Автолампа 12V  BAX Blue,OSRAM,2721MFX,1,26.24,1,
Автолампа 12V  BAX light-green,OSRAM,2722MFX,1,25.08,1,
Фильтрующий элемент,PALL,UE319AS20Z,1,3254.38,1,
Клипса пластмассовая Ford применяемость  молдинги,PATRON,P371253,10,17.96,1,
"Тяга стабилизатора 48820-33010 TOYOTA  COROLLA 92-97, COROLLA Compact 92-97, COROLLA Liftback 92-97,",PATRON,PS4042,1,264.33,1,
"Уплотнительная прокладка для соед.головок нар.диам 41 28,5 х9мм, вн.д.19мм",PE AUTOMOTIVE,07692800A,5,14.85,1,
Шпилька колесная передняя. 7 8  67 79 (80 M22) Scania,PE AUTOMOTIVE,12751100A,4,183.24,1,
Болт колесный,PE AUTOMOTIVE,12751200,4,152.34,1,
Пневморессора,PEGA,P10881CP,1,4715.25,1,
Пневморессора BPS (без стакана) PEGA,PEGA,P10940S,2,2986.45,1,
Пневморессора,PEGA,P10941S,2,3127.52,1,
"Сальник HYUNDAI HD72 дв.D4DB,HD78 дв.D4DD DB ступицы задней наружный (52х112х10.5 15.5) POS",POS,528205K300,2,548.45,1,
КОМПЛЕКТ ТОРМОЗНЫХ колодок,PAGID,T1110,1,1950.24,1,
ролик грм hyundai elantra xd 00- 1.62.0kia cerato 2.0 04-,PARTS-MALL,PSAB006,1,638.55,1,
Трос стояночн. торм. KIA Bongo 3 2.7-J2) (2WD) 12-,PARTS-MALL,PTB545,1,757.35,1,
Пыльник ШРУСа ACCENT 94-99,PARTS-MALL,PXCWA304,1,163.25,1,
Сальник р в 307 407,PEUGEOT-CITROEN,023644,1,742.50,1,
СМЕННЫЙ ЭЛЕМЕНТ ВОЗДУШНОГО ФИЛЬТРА,PEUGEOT-CITROEN,1444XA,14,1125.13,1,
Защелка,PEUGEOT-CITROEN,1609267180,19,134.00,1,
Датчик парковки,PEUGEOT-CITROEN,1611735680,1,3448.17,1,
"Прокладка форсунки (2шт) PEUGEOT  207, 308",PEUGEOT-CITROEN,198178,4,1203.75,1,
Колодки тормозные передние CITROEN PEUGEOT FIAT,PEUGEOT-CITROEN,425496,2,3464.10,1,
Трубка торм зад прав 307 C4,PEUGEOT-CITROEN,4886Z7,1,1039.50,1,
620862 фара противот. BOX DUC PSA,PEUGEOT-CITROEN,620862,1,2195.82,1,
"Лампа,  HP24W",PEUGEOT-CITROEN,6216G6,7,1757.25,1,
Щ тка стеклоочистителя (1 шт.),PEUGEOT-CITROEN,6426FZ,6,695.80,1,
Щ тка стеклоочистителя (1 шт.),PEUGEOT-CITROEN,6426JA,1,640.53,1,
КОМПЛЕКТ ЩЕТОК СТЕКЛООЧИСТИТЕЛЯ (2 ШТ),PEUGEOT-CITROEN,6426XQ,3,1073.32,1,
Щетка стеклоочистителя,PEUGEOT-CITROEN,6426XT,6,370.42,1,
Тройник пластиковый,PEUGEOT-CITROEN,643327,2,55.05,1,
Кольцо уплотнительное кондиционера Peugeot. Citroen,PEUGEOT-CITROEN,6457R5,10,93.91,1,
Пробка пластиковая,PEUGEOT-CITROEN,6457XK,4,118.34,1,
Переключатель центрального замка двери Citroen C4 PICASSO 2006,PEUGEOT-CITROEN,6554XZ,1,1474.00,1,
Гайка,PEUGEOT-CITROEN,693541,23,212.74,1,
Спойлер,PEUGEOT-CITROEN,7414X1,1,1923.00,1,
Гайка-закладная Citroen. Peugeot,PEUGEOT-CITROEN,7481GP,14,128.70,1,
ЗАЩЕЛКА,PEUGEOT-CITROEN,8335H0,17,36.62,1,
Клипсы обивки,PEUGEOT-CITROEN,856520,10,21.11,1,
ФИКСАТОР КРЕПЛЕНИЯ СТЕКЛА,PEUGEOT-CITROEN,922751,10,66.68,1,
ЗАГЛУШКА МОЛДИНГА,PEUGEOT-CITROEN,933493,1,38.07,1,
Датчик давл  сист  ГУР Ситрон Пежо 35bar,PEUGEOT-CITROEN,9677809680,1,1278.42,1,
Сигнализатор. износ тормозных колодок,PEX,WK363,1,195.00,1,
"Автолампа BAX 12637 12V 1.5W B8,5d beige CP",PHILIPS,12637CP,1,39.90,1,
"Насос топливный механический AUDI  50 1.1 1.3 74-78  VW  DERBY 0.9 1.1 1.3 77-81, GOLF   1.1 1.3 74",PIERBURG,721500500,1,3161.57,1,
Щетка стеклоочистителя,PJ,FF239,1,150.20,1,
"Решетка переднего бампера, правая   AUDI-80 08 91",PRASCO,AD0152123,1,463.62,1,
"КОЛЬЦО УПЛОТНИТЕЛЬНОЕ СВЕЧНОГО КОЛОДЦА, QF53A00001",QUATTRO FRENI,QF53A00001,2,64.19,1,
Термостат. охлаждающая жидкость,QUINTON HAZELL,QTH115,1,446.49,1,
Комплект RENAULT ремня генератора 3шт,RENAULT,117200033R,1,2537.70,1,
"Комплект приводного ремня (для авто без конд) RENAULT  CLIO 1.4 1.6 98-, LAGUNA 1.4 1.6 97-, MEGANE",RENAULT,117201773R,2,4083.00,1,
Комплект прив ремня 1.2 (D4F),RENAULT,117204734R,1,5287.41,1,
Насадка на глушитель DUSTER (50мм),RENAULT,200910477R,1,2248.70,1,
ЛЕВАЯ ШАРОВАЯ ОПОРА   8200688877,RENAULT,401611363R,1,1663.54,1,
ГАЙКА 6-ГРАННАЯ M16 HEXAGON NUT,RENAULT,5003032245,8,19.53,1,
Втулка стабилизатора передн RENAULT  LAGUNA III 07-,RENAULT,546130003R,1,1440.83,1,
Шайба,RENAULT,7400976945,10,7.58,1,
БОЛТ M10X150 HEXAGON SCREW,RENAULT,7420920930,2,186.79,1,
Болт,RENAULT,7700854191,10,126.12,1,
Ремень поликлиновый Renault 7700870367,RENAULT,7700870367,1,582.77,1,
фильтр топл рено мастер,RENAULT,7701475229,1,1214.67,1,
Болт крепления переднего амортизатора RENAULT,RENAULT,7703002731,3,250.73,1,
Винт М8 RENAULT,RENAULT,7703017090,64,46.24,1,
Гайка шпильки приемной трубы М8 (1шт),RENAULT,7703034303,52,114.33,1,
Штифт полуоси Renault,RENAULT,7703067320,8,134.90,1,
Вал приводной 7711135277 RENAULT,RENAULT,7711135277,1,15000.00,1,
"Лямбда-зонд Первый, K7M , K7J, Duster, Logan, Sandero, Lada Largus",RENAULT,8200632270,1,3511.53,1,
Датчик положения коленвала,RENAULT,8200647556,1,2038.14,1,
Щуп масло LAGUNA-TRAFIC 1.9D F9Q   00-,RENAULT,8200901425,1,1723.80,1,
"Автозапчасть (10130202 180311 0001254 3, КИТАЙ)",RIKEN,20245,1,509.23,1,
Колпачки маслосъемные,RIKEN,WL0110155,2,43.56,1,
Манжета КАМАЗ-ЕВРО подшипника опорного шкворня ROSTAR,ROSTAR,53205300102001,1,44.21,1,
